Moisture,Nitrogen,Phosphorous,Potassium,Soil,Crop,Fertilizer
0.725892978,66.70187235,76.96356027,96.42906521,Loamy Soil,rice,Compost
0.721958095,71.58331644,163.0576361,148.1283475,Loamy Soil,rice,Balanced NPK Fertilizer
0.685750945,75.70982965,62.09150832,80.30897055,Peaty Soil,rice,Water Retaining Fertilizer
0.755094665,78.03368731,151.0125215,153.0057123,Loamy Soil,rice,Balanced NPK Fertilizer
0.730672351,71.76512327,66.25737093,97.0008865,Peaty Soil,rice,Organic Fertilizer
0.227436131,74.99064102,128.6316816,129.0999853,Loamy Soil,rice,Gypsum
0.227436131,78.81498873,60.4717261,66.06084337,Peaty Soil,rice,Lime
0.785753144,72.08912147,42.59125548,68.03560892,Peaty Soil,rice,DAP
0.756739478,75.03250539,118.0053481,142.0047421,Loamy Soil,rice,Compost
0.783450169,72.71148429,68.3520566,94.69540074,Peaty Soil,rice,Organic Fertilizer
0.777526701,85.4487904,47.08050139,67.2013236,Peaty Soil,rice,DAP
0.875021127,75.6268496,86.88584798,122.0067322,Peaty Soil,rice,Organic Fertilizer
0.864588012,83.57937587,47.99968362,57.03189831,Acidic Soil,rice,DAP
0.670031104,69.75597761,149.3148008,140.3273591,Loamy Soil,rice,Water Retaining Fertilizer
0.838429739,35.52771842,144.0078175,149.2581339,Loamy Soil,rice,Urea
0.823494476,74.74445541,151.3626724,147.1449459,Loamy Soil,rice,Balanced NPK Fertilizer
0.871569396,77.40561181,66.10490541,98.20578845,Peaty Soil,rice,Organic Fertilizer
0.76034054,70.74932521,153.6726499,144.1104891,Loamy Soil,rice,Balanced NPK Fertilizer
0.869469091,69.98740112,52.72956453,62.92391825,Peaty Soil,rice,Organic Fertilizer
0.750684497,80.33436643,63.621699,-20.50910839,Acidic Soil,rice,Muriate of Potash
0.864383872,68.44308175,68.25740509,80.68965587,Acidic Soil,rice,Compost
0.827566787,79.70447691,50.82686688,54.6032025,Peaty Soil,rice,Lime
0.794453256,70.80821245,56.07798465,74.43336233,Peaty Soil,rice,Lime
0.70191138,86.96971052,62.0048225,65.69209389,Peaty Soil,rice,Organic Fertilizer
0.227436131,72.83604415,94.66894646,111.0201753,Loamy Soil,rice,Water Retaining Fertilizer
0.788964715,78.78783369,73.86528901,80.5394512,Peaty Soil,rice,Compost
0.730683008,85.63783126,57.47848724,82.6267073,Peaty Soil,rice,Organic Fertilizer
0.719982869,81.10833586,-37.64973873,143.250181,Loamy Soil,rice,DAP
0.822433241,75.10984591,52.21525642,72.52489663,Peaty Soil,rice,Organic Fertilizer
0.862345601,69.57158895,52.91837936,73.13839352,Peaty Soil,rice,Lime
0.715710157,77.8438198,53.24516495,67.16006188,Peaty Soil,rice,Lime
0.699117764,72.00320985,62.41039845,79.0840353,Acidic Soil,rice,Compost
0.699495631,74.92145204,68.78731197,83.66387919,Acidic Soil,rice,Lime
0.737093947,73.9239385,33.85300851,62.9417338,Acidic Soil,rice,DAP
0.70018875,77.08362761,60.36067991,66.6326951,Peaty Soil,rice,Organic Fertilizer
0.807650587,74.74132311,54.06167082,66.36989532,Peaty Soil,rice,Organic Fertilizer
0.972361206,83.37843297,34.75719429,77.25424078,Peaty Soil,rice,DAP
0.863970232,81.82179263,51.13576255,54.02009578,Peaty Soil,rice,Lime
0.73788303,77.37652683,88.94464272,138.6079073,Loamy Soil,rice,Balanced NPK Fertilizer
0.80885321,35.52771842,47.95614952,66.91950251,Peaty Soil,rice,Urea
0.836306285,78.24082084,68.66189922,97.55028942,Peaty Soil,rice,Organic Fertilizer
0.702364035,74.55843735,53.29060044,56.79927347,Peaty Soil,rice,Lime
0.74336721,73.31716161,154.4507577,149.3244371,Loamy Soil,rice,Gypsum
0.753303149,84.21767286,58.7762452,95.97033829,Peaty Soil,rice,Organic Fertilizer
0.859421061,81.64232263,123.2436919,148.2851494,Loamy Soil,rice,Balanced NPK Fertilizer
0.760361661,70.15535124,57.23990996,71.39485987,Peaty Soil,rice,Organic Fertilizer
0.925019853,73.95370944,43.32984277,53.19707355,Peaty Soil,rice,DAP
0.808636987,74.18316254,49.94836466,79.06910834,Peaty Soil,rice,DAP
0.779565324,69.4689771,119.8959652,144.4530026,Loamy Soil,rice,Balanced NPK Fertilizer
0.972361206,80.8092028,68.07111668,-20.50910839,Peaty Soil,rice,Muriate of Potash
0.676496766,74.97759204,57.56992553,50.88245614,Peaty Soil,rice,Lime
0.791648938,69.76745857,124.4223494,147.7244097,Loamy Soil,rice,Balanced NPK Fertilizer
0.901894194,35.52771842,91.64991865,103.8345464,Loamy Soil,rice,Urea
0.802837794,72.96269334,49.46817518,70.41136278,Acidic Soil,rice,DAP
0.775788354,82.32123617,46.23195008,-20.50910839,Acidic Soil,rice,DAP
0.772051679,78.15788162,50.63438295,159.5640307,Peaty Soil,rice,Organic Fertilizer
0.791331553,74.62661636,151.7401252,147.5485129,Loamy Soil,rice,Balanced NPK Fertilizer
0.857941386,80.55537827,57.303556,81.83335127,Acidic Soil,rice,Lime
0.713272209,67.75225758,141.919592,-20.50910839,Loamy Soil,rice,Muriate of Potash
0.76354118,73.6586746,78.98174473,111.5487021,Loamy Soil,rice,Compost
0.845025942,71.24128156,74.07763913,94.6855234,Peaty Soil,rice,Organic Fertilizer
0.874311391,79.94100656,57.09595097,63.45739417,Peaty Soil,rice,Lime
0.665181154,80.21743755,141.2061063,137.279138,Loamy Soil,rice,Compost
0.743850787,68.26590661,153.5704484,152.442148,Loamy Soil,rice,Balanced NPK Fertilizer
0.8597407,72.53686695,50.3789362,66.54373653,Peaty Soil,rice,Lime
0.926615607,70.84642149,122.2543494,139.1804434,Loamy Soil,rice,Balanced NPK Fertilizer
0.926693686,68.446876,-37.64973873,54.32360711,Peaty Soil,rice,DAP
0.735172338,75.72362818,158.3106468,144.8063616,Loamy Soil,rice,Compost
0.831320634,77.19245024,37.97407436,159.5640307,Peaty Soil,rice,DAP
0.695640511,78.38117347,60.13842735,94.05921112,Peaty Soil,rice,Water Retaining Fertilizer
0.744019924,71.47928875,152.8163198,143.9421517,Loamy Soil,rice,Balanced NPK Fertilizer
0.708796011,78.43653078,125.0719986,-20.50910839,Loamy Soil,rice,Muriate of Potash
0.84236956,82.87921825,82.30798506,137.7631186,Loamy Soil,rice,Balanced NPK Fertilizer
0.810935069,71.11864082,118.3263782,115.5364945,Loamy Soil,rice,Balanced NPK Fertilizer
0.896791356,82.09759446,150.0835938,138.3822964,Loamy Soil,rice,Balanced NPK Fertilizer
0.737375173,77.79489618,151.4419237,137.9796145,Loamy Soil,rice,Balanced NPK Fertilizer
0.796271018,85.33357778,69.83112062,69.13155093,Peaty Soil,rice,Organic Fertilizer
0.694309594,69.69177575,46.46698832,60.7260022,Peaty Soil,rice,DAP
0.939401705,72.18893541,79.11666976,67.80666146,Peaty Soil,rice,Organic Fertilizer
0.82909515,71.20464463,79.60123422,93.86199626,Peaty Soil,rice,Organic Fertilizer
0.820360861,35.52771842,39.25697981,50.18752265,Peaty Soil,rice,Urea
0.789997366,74.51200178,51.77721148,67.1822315,Peaty Soil,rice,Lime
0.907730519,78.32411351,70.42190935,86.38538966,Acidic Soil,rice,Compost
0.972361206,72.77505443,-37.64973873,68.32791641,Peaty Soil,rice,DAP
0.921186115,75.25435863,36.05711225,69.40660961,Peaty Soil,rice,DAP
0.723924287,73.66761391,83.50161097,85.4681021,Acidic Soil,rice,General Purpose Fertilizer
0.726402497,78.73087438,38.65922814,57.36156198,Acidic Soil,rice,DAP
0.74153318,72.91832683,63.55498743,61.74036078,Peaty Soil,rice,Organic Fertilizer
0.784366362,75.5019106,53.90556321,56.77538083,Acidic Soil,rice,Lime
0.88838795,70.87253223,67.03509894,99.06223463,Peaty Soil,rice,Organic Fertilizer
0.680926341,84.75106179,135.6995437,150.7602273,Loamy Soil,rice,Water Retaining Fertilizer
0.727610656,79.93967849,85.93880187,113.1005319,Loamy Soil,rice,Balanced NPK Fertilizer
0.701854902,76.22054645,60.77980096,74.87080137,Peaty Soil,rice,Lime
0.737818645,80.64002878,91.56809887,100.0006404,Peaty Soil,rice,Organic Fertilizer
0.858550263,75.40753489,58.33054487,70.42522764,Peaty Soil,rice,Organic Fertilizer
0.741810499,66.9215334,88.66493423,100.8450277,Loamy Soil,rice,Balanced NPK Fertilizer
0.769097694,35.52771842,74.15173031,114.207173,Loamy Soil,rice,Urea
0.757146563,78.63886658,64.45628699,75.26036297,Acidic Soil,rice,Compost
0.792236589,74.00130947,131.784194,147.8995073,Loamy Soil,rice,Balanced NPK Fertilizer
0.784952638,70.74658541,47.06712876,54.83083978,Peaty Soil,rice,DAP
0.549390457,60.47601453,150.0899402,143.0770165,Neutral Soil,wheat,Compost
0.419623961,57.99384867,60.90799855,52.90462013,Acidic Soil,wheat,Water Retaining Fertilizer
0.493737236,57.09062718,114.9975066,97.05021204,Neutral Soil,wheat,Water Retaining Fertilizer
0.422391584,54.81966512,74.8680703,73.71408506,Neutral Soil,wheat,Water Retaining Fertilizer
0.458002436,58.7797483,77.72161187,-20.50910839,Neutral Soil,wheat,Muriate of Potash
0.371039501,58.17258627,66.79708451,67.72015472,Neutral Soil,wheat,Water Retaining Fertilizer
0.43892045,56.0932722,140.4914454,131.5856127,Neutral Soil,wheat,Water Retaining Fertilizer
0.227436131,63.87507611,88.7088158,96.62714434,Neutral Soil,wheat,Water Retaining Fertilizer
0.42949924,59.12956182,43.54395518,65.25710505,Acidic Soil,wheat,DAP
0.394934587,63.33403531,58.38663579,73.29283447,Acidic Soil,wheat,Compost
0.306216062,66.88088908,61.22547532,72.99084961,Acidic Soil,wheat,Compost
0.496548156,60.0354755,49.3532746,74.05132943,Acidic Soil,wheat,DAP
0.434573399,64.41959057,51.1131803,68.33069034,Acidic Soil,wheat,Water Retaining Fertilizer
0.505430445,56.81162674,148.3277348,144.0957657,Neutral Soil,wheat,Water Retaining Fertilizer
0.602244541,57.31735929,89.31115368,73.42359592,Neutral Soil,wheat,Water Retaining Fertilizer
0.366425426,59.45174792,65.88518957,89.91015482,Neutral Soil,wheat,Water Retaining Fertilizer
0.50402044,59.23301438,46.27093245,48.40085647,Acidic Soil,wheat,DAP
0.344761504,35.52771842,58.16845437,159.5640307,Acidic Soil,wheat,Urea
0.227436131,63.77970327,87.47699327,110.3656195,Neutral Soil,wheat,Water Retaining Fertilizer
0.322676658,57.69513866,142.5517185,134.7366286,Neutral Soil,wheat,Water Retaining Fertilizer
0.544350802,60.61833734,47.70484144,65.7066931,Acidic Soil,wheat,DAP
0.312350268,86.96971052,109.3252223,115.2181078,Neutral Soil,wheat,Water Retaining Fertilizer
0.577219203,53.72521062,64.03742473,51.68268147,Acidic Soil,wheat,Lime
0.321541648,61.52162203,63.59995331,71.42003266,Acidic Soil,wheat,Water Retaining Fertilizer
0.410546045,61.77343922,39.46010784,74.48995627,Acidic Soil,wheat,DAP
0.53215252,59.93054686,69.68563273,88.213315,Neutral Soil,wheat,Water Retaining Fertilizer
0.27874907,35.52771842,59.93747233,94.66503492,Neutral Soil,wheat,Urea
0.329273555,62.93357765,71.20829796,69.25495886,Neutral Soil,wheat,Water Retaining Fertilizer
0.972361206,58.27824976,55.79241258,69.27196246,Acidic Soil,wheat,General Purpose Fertilizer
0.468552517,59.51647319,67.044412,73.26297938,Neutral Soil,wheat,Compost
0.514505521,61.63704293,88.29728767,93.53693826,Neutral Soil,wheat,Water Retaining Fertilizer
0.331060811,55.35238988,62.51043423,56.3758705,Acidic Soil,wheat,Water Retaining Fertilizer
0.365204718,61.83556722,41.66877709,64.88863962,Acidic Soil,wheat,DAP
0.398636058,54.42322441,139.2383834,133.737442,Neutral Soil,wheat,Water Retaining Fertilizer
0.374483827,65.56121278,52.28200669,71.29950086,Acidic Soil,wheat,Water Retaining Fertilizer
0.570784689,55.85775289,153.6203173,127.4713507,Neutral Soil,wheat,Water Retaining Fertilizer
0.584369245,58.49842804,120.9333983,134.1886764,Neutral Soil,wheat,Water Retaining Fertilizer
0.390725412,64.42633315,45.86502829,73.90977516,Acidic Soil,wheat,DAP
0.478738744,56.04488347,97.07847872,77.9706144,Neutral Soil,wheat,Water Retaining Fertilizer
0.227436131,62.32242847,64.89207604,90.56059562,Neutral Soil,wheat,Compost
0.299822559,57.54217859,49.10341333,63.26638708,Acidic Soil,wheat,DAP
0.284039084,58.92177113,46.61699343,53.78952594,Acidic Soil,wheat,DAP
0.508449978,60.64195605,104.3432427,104.0663985,Neutral Soil,wheat,Water Retaining Fertilizer
0.436160648,53.50216467,61.06402049,54.16810573,Acidic Soil,wheat,Water Retaining Fertilizer
0.972361206,65.31389809,72.54391147,88.89948312,Acidic Soil,wheat,General Purpose Fertilizer
0.519435719,61.94823665,43.9839596,63.90354706,Acidic Soil,wheat,DAP
0.591764022,52.24019102,54.89742919,52.13499781,Acidic Soil,wheat,Compost
0.397675983,55.6591259,34.65997027,51.00873145,Acidic Soil,wheat,DAP
0.54487355,86.96971052,56.3316443,93.15832117,Neutral Soil,wheat,Water Retaining Fertilizer
0.508522266,56.56041905,43.42952958,57.11894349,Acidic Soil,wheat,DAP
0.483696595,56.58059864,50.23380799,44.0759895,Acidic Soil,wheat,Muriate of Potash
0.548280844,56.97780085,52.39397938,55.21303719,Acidic Soil,wheat,Compost
0.582950433,60.34431586,79.97965609,76.81905452,Neutral Soil,wheat,Water Retaining Fertilizer
0.585611062,58.20546077,65.53128264,82.12218494,Neutral Soil,wheat,Compost
0.474169651,61.23886601,68.07843269,74.11904779,Neutral Soil,wheat,Compost
0.60621262,59.09897907,58.63613292,62.49651067,Acidic Soil,wheat,Compost
0.393605827,61.69256368,50.67646998,68.77404118,Acidic Soil,wheat,Water Retaining Fertilizer
0.456044131,56.17417942,69.86294168,72.73923182,Neutral Soil,wheat,Compost
0.341461499,56.64449162,56.73217929,59.71191499,Neutral Soil,wheat,Water Retaining Fertilizer
0.324503152,60.57870984,53.60626224,65.29142468,Acidic Soil,wheat,Water Retaining Fertilizer
0.460912488,57.64017534,43.31958806,60.01143091,Acidic Soil,wheat,DAP
0.483168068,53.3428182,54.45074072,63.41896893,Acidic Soil,wheat,Water Retaining Fertilizer
0.490576385,61.01055366,49.33931787,64.22480959,Acidic Soil,wheat,DAP
0.338175825,62.15603696,81.4703585,96.31994797,Neutral Soil,wheat,Lime
0.227436131,56.83781102,49.09805988,71.76809252,Acidic Soil,wheat,DAP
0.558214904,60.32707883,150.6462777,147.7614135,Neutral Soil,wheat,Water Retaining Fertilizer
0.352090992,58.11103023,49.0365839,69.19059001,Acidic Soil,wheat,DAP
0.584730146,57.30150688,56.33745016,51.98155345,Acidic Soil,wheat,Compost
0.362834185,63.34015001,71.05194811,87.95544164,Neutral Soil,wheat,Compost
0.513199046,59.21418448,108.0963197,110.9513899,Neutral Soil,wheat,Water Retaining Fertilizer
0.579846705,56.90612387,61.43621323,67.5278894,Acidic Soil,wheat,Water Retaining Fertilizer
0.504541672,64.70449995,-37.64973873,69.60592843,Acidic Soil,wheat,DAP
0.497285181,54.15348141,36.06701123,53.55477994,Acidic Soil,wheat,DAP
0.302811015,60.70596123,54.06709881,51.81075209,Acidic Soil,wheat,Compost
0.438883394,60.5463451,90.38955094,89.14189713,Neutral Soil,wheat,Water Retaining Fertilizer
0.465114072,59.82462393,88.0535287,104.4638979,Neutral Soil,wheat,Water Retaining Fertilizer
0.972361206,35.52771842,81.4914371,96.44894964,Neutral Soil,wheat,Urea
0.290653538,60.99468698,148.6102095,140.4487865,Neutral Soil,wheat,Water Retaining Fertilizer
0.365786924,56.51783558,34.90144039,52.80186568,Acidic Soil,wheat,DAP
0.494934897,57.9637022,52.51388406,62.87818642,Acidic Soil,wheat,Water Retaining Fertilizer
0.35630422,66.78492664,-37.64973873,146.3190481,Neutral Soil,wheat,DAP
0.610221626,35.52771842,69.68211608,74.30464146,Acidic Soil,wheat,Urea
0.592666641,62.18868492,-37.64973873,94.62971483,Neutral Soil,wheat,DAP
0.316029918,66.48197298,145.8137809,144.9836454,Neutral Soil,wheat,Water Retaining Fertilizer
0.559123368,61.06137927,50.93520999,62.31541013,Acidic Soil,wheat,Water Retaining Fertilizer
0.59476463,60.32125542,140.6200708,140.3011773,Neutral Soil,wheat,Water Retaining Fertilizer
0.360086979,57.28662867,66.2367929,65.71915481,Acidic Soil,wheat,Water Retaining Fertilizer
0.474960978,57.24146845,72.08928449,58.90501924,Neutral Soil,wheat,Water Retaining Fertilizer
0.442470086,57.04133043,-37.64973873,49.86003824,Acidic Soil,wheat,DAP
0.386711625,59.323665,59.06038544,67.90308621,Acidic Soil,wheat,Water Retaining Fertilizer
0.308595407,58.35578687,134.9639446,119.505766,Neutral Soil,wheat,Water Retaining Fertilizer
0.36824532,63.29300808,83.54840428,107.1478206,Neutral Soil,wheat,Water Retaining Fertilizer
0.36192914,63.34181516,45.25915096,73.45820611,Acidic Soil,wheat,DAP
0.445904543,60.06793131,38.08175403,52.49018796,Acidic Soil,wheat,DAP
0.313600658,58.23528027,153.1476831,144.1231605,Neutral Soil,wheat,Water Retaining Fertilizer
0.527863463,56.69890544,106.6234252,100.6127757,Neutral Soil,wheat,Water Retaining Fertilizer
0.464744943,59.37566196,47.90256703,85.6129136,Neutral Soil,wheat,DAP
0.455229946,57.593671,49.89539371,62.83087598,Acidic Soil,wheat,DAP
0.347865631,63.49764074,59.70657347,70.83812515,Acidic Soil,wheat,Water Retaining Fertilizer
0.428881997,64.87992853,144.9082669,159.5640307,Neutral Soil,wheat,Water Retaining Fertilizer
0.771130981,55.87419302,152.8698156,70.39589116,Loamy Soil,Mung Bean,Balanced NPK Fertilizer
0.474240316,52.88020071,139.6179658,144.6828421,Neutral Soil,Mung Bean,Water Retaining Fertilizer
0.536068069,58.68734637,107.1409232,68.12761173,Neutral Soil,Mung Bean,Water Retaining Fertilizer
0.726652959,55.78478937,151.114222,72.73332568,Loamy Soil,Mung Bean,Balanced NPK Fertilizer
0.733620532,56.46079255,142.3057661,91.25740925,Loamy Soil,Mung Bean,Compost
0.735384692,35.52771842,149.9948736,79.36984146,Loamy Soil,Mung Bean,Urea
0.63162249,60.56175424,159.6684074,131.2283958,Loamy Soil,Mung Bean,Water Retaining Fertilizer
0.484303968,56.72413663,138.663508,73.43563959,Neutral Soil,Mung Bean,Water Retaining Fertilizer
0.667803288,55.54412827,144.9334616,132.5754687,Loamy Soil,Mung Bean,Water Retaining Fertilizer
0.400486354,53.10035619,154.7231484,131.5951114,Neutral Soil,Mung Bean,Water Retaining Fertilizer
0.778209806,35.52771842,138.1011402,92.17031507,Loamy Soil,Mung Bean,Urea
0.227436131,56.20074897,66.65931218,40.75962451,Acidic Soil,Mung Bean,Muriate of Potash
0.440993048,55.70846189,88.68142434,54.15761274,Acidic Soil,Mung Bean,Water Retaining Fertilizer
0.521692663,55.42008315,102.6564374,63.21589136,Neutral Soil,Mung Bean,Water Retaining Fertilizer
0.227436131,55.9773204,95.44953501,56.37125907,Neutral Soil,Mung Bean,Water Retaining Fertilizer
0.227436131,52.71458363,151.9428728,78.62658843,Loamy Soil,Mung Bean,Water Retaining Fertilizer
0.492168526,56.45828494,144.9828549,74.10357822,Neutral Soil,Mung Bean,Gypsum
0.381431351,35.52771842,134.9899204,97.17221901,Neutral Soil,Mung Bean,Urea
0.619855001,56.90895405,142.6987604,107.1336531,Loamy Soil,Mung Bean,Water Retaining Fertilizer
0.227436131,61.46040213,78.27749646,50.64779364,Acidic Soil,Mung Bean,Compost
0.545204928,56.56825297,87.29787853,52.41567807,Neutral Soil,Mung Bean,Compost
0.800410592,56.2884782,72.91062428,48.4655379,Peaty Soil,Mung Bean,Muriate of Potash
0.669931594,60.80154412,85.35945695,52.23507702,Acidic Soil,Mung Bean,Compost
0.366148301,55.22056261,112.3500878,54.39107764,Neutral Soil,Mung Bean,Water Retaining Fertilizer
0.446507892,57.44340294,82.78460711,52.32535374,Neutral Soil,Mung Bean,Water Retaining Fertilizer
0.704765808,58.2062888,45.00853813,45.8497069,Acidic Soil,Mung Bean,DAP
0.409323091,55.69982018,165.1921723,85.27826972,Neutral Soil,Mung Bean,Water Retaining Fertilizer
0.437784672,57.21951241,143.8706154,67.32659822,Neutral Soil,Mung Bean,Water Retaining Fertilizer
0.540445129,86.96971052,143.9465449,74.5983509,Neutral Soil,Mung Bean,Water Retaining Fertilizer
0.401469697,57.95787007,66.09689842,54.18315673,Acidic Soil,Mung Bean,Compost
0.68708544,56.19286591,110.6024802,74.80503178,Loamy Soil,Mung Bean,Water Retaining Fertilizer
0.778282428,35.52771842,145.261652,76.82529683,Loamy Soil,Mung Bean,Urea
0.581637492,53.06846662,138.6285043,97.5845801,Neutral Soil,Mung Bean,Compost
0.779078152,56.70109334,149.2966894,154.3622611,Loamy Soil,Mung Bean,Balanced NPK Fertilizer
0.630975107,56.76836669,154.0624427,74.11673832,Loamy Soil,Mung Bean,Water Retaining Fertilizer
0.59101518,57.24770594,147.468135,143.7547797,Neutral Soil,Mung Bean,Compost
0.778639746,55.2482267,68.2713725,57.41215687,Peaty Soil,Mung Bean,Organic Fertilizer
0.460655459,54.14082354,134.7425253,159.5640307,Neutral Soil,Mung Bean,Lime
0.619139484,56.05350428,78.44440118,48.26696165,Acidic Soil,Mung Bean,Muriate of Potash
0.572414027,86.96971052,105.7994741,50.39356508,Neutral Soil,Mung Bean,Compost
0.518662953,57.43725205,143.0330891,146.1659757,Neutral Soil,Mung Bean,Water Retaining Fertilizer
0.588146398,57.08235384,77.79840705,39.34724546,Acidic Soil,Mung Bean,Muriate of Potash
0.488747252,57.53506812,80.35039404,51.15524056,Acidic Soil,Mung Bean,Water Retaining Fertilizer
0.576026202,54.77598362,59.14023879,47.59964783,Acidic Soil,Mung Bean,Muriate of Potash
0.586288022,59.04742765,146.7636482,112.9980486,Neutral Soil,Mung Bean,Lime
0.48359236,56.94627807,57.82785741,48.10362466,Acidic Soil,Mung Bean,Muriate of Potash
0.574434876,57.66021923,160.4079603,135.3353842,Neutral Soil,Mung Bean,Compost
0.663334915,54.98410813,135.9090345,140.1150826,Loamy Soil,Mung Bean,Gypsum
0.774255542,56.14222831,73.21280852,44.95899839,Peaty Soil,Mung Bean,Muriate of Potash
0.692846559,59.78375354,70.53628625,40.96486891,Acidic Soil,Mung Bean,Muriate of Potash
0.972361206,86.96971052,140.8295143,90.00208594,Neutral Soil,Mung Bean,Compost
0.448691712,56.54325535,82.19131298,53.52609327,Acidic Soil,Mung Bean,Compost
0.749664643,58.12904853,100.4509458,52.34166039,Loamy Soil,Mung Bean,Compost
0.598096228,57.19708782,134.8142133,89.53854893,Loamy Soil,Mung Bean,Water Retaining Fertilizer
0.437262681,53.05530604,74.65601778,52.55887502,Acidic Soil,Mung Bean,Lime
0.614300748,56.16360136,51.31722779,57.04148512,Acidic Soil,Mung Bean,Water Retaining Fertilizer
0.4824506,57.85796896,108.381688,54.4329976,Neutral Soil,Mung Bean,Water Retaining Fertilizer
0.632884646,56.05511307,177.3144812,61.79605389,Acidic Soil,Mung Bean,Water Retaining Fertilizer
0.765182597,55.37584621,74.75390894,52.72769634,Peaty Soil,Mung Bean,Compost
0.655186759,59.31092441,62.41920184,48.71403558,Acidic Soil,Mung Bean,Muriate of Potash
0.452367567,54.24405946,143.8279536,153.0925065,Neutral Soil,Mung Bean,Water Retaining Fertilizer
0.501940692,54.93681724,60.89226107,159.5640307,Acidic Soil,Mung Bean,Water Retaining Fertilizer
0.64098832,56.69450898,-37.64973873,76.34662444,Loamy Soil,Mung Bean,DAP
0.523012493,53.87264647,64.31488657,49.8485649,Acidic Soil,Mung Bean,Muriate of Potash
0.758214349,56.51049197,158.4232247,91.59382271,Loamy Soil,Mung Bean,Balanced NPK Fertilizer
0.737331147,51.91789284,127.4044262,56.9931349,Loamy Soil,Mung Bean,Balanced NPK Fertilizer
0.972361206,58.96268096,79.48429277,63.13082442,Neutral Soil,Mung Bean,General Purpose Fertilizer
0.740921299,55.56374343,105.54282,57.7934759,Loamy Soil,Mung Bean,Balanced NPK Fertilizer
0.540544992,57.67325088,136.0192249,110.5974485,Neutral Soil,Mung Bean,Compost
0.559813571,54.67343811,142.7316934,98.80976575,Neutral Soil,Mung Bean,Water Retaining Fertilizer
0.714089141,57.01224516,145.7398082,130.4914689,Loamy Soil,Mung Bean,Balanced NPK Fertilizer
0.594974421,55.21518684,88.73856492,52.54856056,Neutral Soil,Mung Bean,Compost
0.397741948,35.52771842,110.8076418,62.85254515,Neutral Soil,Mung Bean,Urea
0.55845596,59.48773059,92.68891835,54.09512477,Neutral Soil,Mung Bean,Compost
0.588969674,52.94550032,140.6986405,82.80666706,Neutral Soil,Mung Bean,Compost
0.628429726,55.02828771,81.96851493,31.36939409,Acidic Soil,Mung Bean,Muriate of Potash
0.602505841,52.71795199,99.46934081,56.74627693,Neutral Soil,Mung Bean,Water Retaining Fertilizer
0.707183131,56.85979033,143.6233527,85.58472186,Loamy Soil,Mung Bean,Balanced NPK Fertilizer
0.627999548,56.64957959,71.27532545,55.63485192,Acidic Soil,Mung Bean,Compost
0.614103835,56.77953046,72.36229721,52.86071828,Acidic Soil,Mung Bean,Water Retaining Fertilizer
0.522390755,54.83859286,91.60504676,60.49486651,Neutral Soil,Mung Bean,Water Retaining Fertilizer
0.574219044,54.76484194,127.307713,57.30746942,Neutral Soil,Mung Bean,Water Retaining Fertilizer
0.502336583,86.96971052,114.3515524,54.59188049,Neutral Soil,Mung Bean,Water Retaining Fertilizer
0.551486401,57.20620575,92.38556223,-20.50910839,Neutral Soil,Mung Bean,Muriate of Potash
0.417703474,53.77470691,104.9097427,53.52174199,Neutral Soil,Mung Bean,Water Retaining Fertilizer
0.407420613,59.56139979,115.6963954,66.39343999,Neutral Soil,Mung Bean,Compost
0.594038624,55.37654805,152.3059365,154.0435806,Neutral Soil,Mung Bean,Water Retaining Fertilizer
0.622218404,35.52771842,159.5062935,93.97361264,Loamy Soil,Mung Bean,Urea
0.764241961,55.90727504,157.334542,80.01153664,Loamy Soil,Mung Bean,Gypsum
0.564555497,58.01487001,142.6422792,71.22314677,Neutral Soil,Mung Bean,Compost
0.609791162,54.90790741,74.50836361,60.18606148,Acidic Soil,Mung Bean,Water Retaining Fertilizer
0.406462239,35.52771842,110.9469197,55.51872243,Neutral Soil,Mung Bean,Urea
0.553186425,53.2624708,120.623396,51.95830955,Neutral Soil,Mung Bean,Gypsum
0.53981547,57.37118185,97.89579189,54.66021476,Neutral Soil,Mung Bean,Water Retaining Fertilizer
0.560713239,35.52771842,117.8163117,64.21474766,Neutral Soil,Mung Bean,Urea
0.647114553,58.62344351,142.7550752,154.1194723,Loamy Soil,Mung Bean,Water Retaining Fertilizer
0.525346621,56.78382769,132.9541664,99.85206912,Neutral Soil,Mung Bean,Water Retaining Fertilizer
0.432733006,54.84669476,145.0767418,52.62292411,Neutral Soil,Mung Bean,Water Retaining Fertilizer
0.74455699,59.42422573,157.8173412,153.7218311,Loamy Soil,Mung Bean,Compost
0.58974489,53.889396,75.14633425,48.55607746,Acidic Soil,Mung Bean,Muriate of Potash
0.45290049,69.14592254,26.03793467,58.45476267,Acidic Soil,Tea,DAP
0.564971298,59.57155509,177.3144812,47.35130434,Acidic Soil,Tea,Muriate of Potash
0.682243168,62.65191464,42.43063088,50.03198753,Peaty Soil,Tea,DAP
0.536294157,86.96971052,46.50190491,50.46492899,Acidic Soil,Tea,DAP
0.581180265,67.52715442,43.94401289,48.60617347,Acidic Soil,Tea,DAP
0.588475241,70.3035561,26.60360374,66.41562019,Acidic Soil,Tea,DAP
0.780369846,69.6920285,33.23212268,57.76490893,Peaty Soil,Tea,DAP
0.407970678,67.81922823,41.04377675,55.61466846,Acidic Soil,Tea,DAP
0.488219065,66.1406104,40.40144824,44.95638461,Acidic Soil,Tea,DAP
0.72743456,65.45433625,42.49511895,42.37097766,Peaty Soil,Tea,DAP
0.782426102,70.92832573,33.95544106,60.6326884,Peaty Soil,Tea,DAP
0.5413866,62.72312866,26.56833595,48.16771381,Acidic Soil,Tea,DAP
0.521994443,65.78581237,36.053484,46.6104963,Acidic Soil,Tea,DAP
0.395606878,69.3137285,33.89772763,45.11361437,Acidic Soil,Tea,DAP
0.227436131,65.94033991,46.18936724,50.96007932,Acidic Soil,Tea,DAP
0.51420005,69.04872658,42.84814013,61.00605599,Acidic Soil,Tea,DAP
0.468439452,66.25392318,177.3144812,47.7021704,Acidic Soil,Tea,Muriate of Potash
0.768185761,68.07279038,46.74864108,45.89287481,Peaty Soil,Tea,DAP
0.635683248,65.31062655,46.55843945,56.27639181,Acidic Soil,Tea,DAP
0.434553823,70.09978585,41.69610331,44.76233627,Acidic Soil,Tea,DAP
0.479792684,68.01729928,38.72073397,53.84821167,Acidic Soil,Tea,DAP
0.392674508,65.17163885,177.3144812,48.60299634,Acidic Soil,Tea,Muriate of Potash
0.769105395,66.21315453,39.12838346,49.80818278,Peaty Soil,Tea,DAP
0.606674374,69.24503839,40.97505963,57.44392216,Acidic Soil,Tea,DAP
0.57566932,72.08204337,41.98887332,50.64686967,Acidic Soil,Tea,DAP
0.426933163,67.93507196,44.15066908,58.93536462,Acidic Soil,Tea,DAP
0.511045682,68.0558263,39.93729362,56.686938,Acidic Soil,Tea,DAP
0.464974403,63.1426749,56.56446472,52.69719778,Acidic Soil,Tea,Lime
0.476431536,66.50629166,32.45671614,61.75243355,Acidic Soil,Tea,DAP
0.724472398,65.85301461,35.22975438,159.5640307,Acidic Soil,Tea,DAP
0.612149826,70.01240932,45.54324149,53.26264005,Acidic Soil,Tea,DAP
0.719907255,61.95432455,37.8367246,45.46599665,Peaty Soil,Tea,DAP
0.382790379,65.7631325,50.31794932,54.93525856,Acidic Soil,Tea,Lime
0.439741602,63.50066711,41.55792859,53.93241278,Acidic Soil,Tea,DAP
0.557996656,62.27074517,45.78265968,46.8993577,Acidic Soil,Tea,DAP
0.396178345,62.62320389,30.95038617,46.53760595,Acidic Soil,Tea,DAP
0.435259268,67.38304677,36.0115894,-20.50910839,Acidic Soil,Tea,DAP
0.448463523,65.72009104,25.66009702,42.68966124,Acidic Soil,Tea,DAP
0.776726282,65.31454884,35.29875,56.42855272,Acidic Soil,Tea,DAP
0.442355038,67.03097115,23.21299185,47.72786027,Acidic Soil,Tea,DAP
0.76273201,86.96971052,47.39733642,50.03822005,Peaty Soil,Tea,DAP
0.598659926,63.02194821,40.0522523,61.35743762,Acidic Soil,Tea,DAP
0.498514961,67.71287968,30.51789227,47.99764787,Acidic Soil,Tea,DAP
0.716197845,64.23859866,23.63859735,58.90999596,Peaty Soil,Tea,DAP
0.468217199,64.4267807,41.98405629,45.74813047,Acidic Soil,Tea,DAP
0.516584189,65.16861083,29.16549219,50.13827897,Acidic Soil,Tea,DAP
0.659275683,64.56818957,40.277744,40.16777813,Acidic Soil,Tea,DAP
0.227436131,70.62353436,42.54641105,53.16556957,Acidic Soil,Tea,DAP
0.547989579,66.81999495,33.98386611,56.98008301,Acidic Soil,Tea,DAP
0.49839483,63.4180674,39.45948997,54.78283365,Acidic Soil,Tea,DAP
0.56004208,69.91252494,38.91920867,52.7715813,Acidic Soil,Tea,DAP
0.642316475,64.29720461,39.28080359,48.26416372,Acidic Soil,Tea,DAP
0.497175717,67.00413823,41.93529594,58.51495467,Acidic Soil,Tea,DAP
0.588311006,72.60496178,36.90716403,57.92681399,Acidic Soil,Tea,DAP
0.658456525,68.47751151,32.99120518,50.74828718,Acidic Soil,Tea,DAP
0.547700494,66.93556068,45.44819097,50.37977974,Acidic Soil,Tea,DAP
0.476429068,65.76999115,42.64871217,49.99722115,Acidic Soil,Tea,DAP
0.646073865,69.77339972,33.55192043,42.16351021,Acidic Soil,Tea,DAP
0.739680729,70.76600504,177.3144812,43.91319776,Acidic Soil,Tea,Muriate of Potash
0.770970517,68.04721123,30.22755492,48.68543498,Acidic Soil,Tea,DAP
0.389094021,65.7719816,42.55954237,47.01999777,Acidic Soil,Tea,DAP
0.635483722,67.54806331,42.57982375,57.23606619,Acidic Soil,Tea,DAP
0.529609139,72.5945967,39.267318,61.21288457,Acidic Soil,Tea,DAP
0.679349791,72.41971249,51.92223192,52.0632565,Acidic Soil,Tea,Lime
0.598042427,86.96971052,43.44581004,57.90325303,Acidic Soil,Tea,DAP
0.616976136,60.56951803,37.12913544,53.27190527,Acidic Soil,Tea,DAP
0.440177364,65.62762616,42.09430741,49.20088215,Acidic Soil,Tea,DAP
0.625786023,62.85690735,20.27444013,49.00271308,Acidic Soil,Tea,DAP
0.648245848,71.62010053,36.99536614,49.89091867,Acidic Soil,Tea,DAP
0.610339291,66.96102291,34.49095835,53.54560306,Acidic Soil,Tea,DAP
0.633312991,68.34902957,32.64838715,159.5640307,Acidic Soil,Tea,DAP
0.606052076,63.84478539,42.25272294,58.24082477,Acidic Soil,Tea,DAP
0.470286734,68.85066352,50.08637945,45.83641501,Acidic Soil,Tea,Muriate of Potash
0.487649491,60.62689985,36.37104819,49.73565863,Acidic Soil,Tea,DAP
0.526197169,64.91635532,29.84823826,41.18976017,Acidic Soil,Tea,DAP
0.745575812,67.29466511,36.83641576,55.50803404,Acidic Soil,Tea,DAP
0.674877351,65.29367707,34.39405051,54.20739787,Acidic Soil,Tea,DAP
0.584335905,35.52771842,37.78058071,56.19688147,Acidic Soil,Tea,Urea
0.744731767,65.58330351,35.54204682,56.36769135,Peaty Soil,Tea,DAP
0.742435908,64.29100543,36.47772492,49.07581938,Acidic Soil,Tea,DAP
0.690532165,62.22065522,60.15678548,46.13160454,Peaty Soil,Tea,Muriate of Potash
0.408072523,64.51510846,42.32441326,46.63938487,Acidic Soil,Tea,DAP
0.568217098,69.21896625,29.5157778,55.3344267,Acidic Soil,Tea,DAP
0.764555197,66.12915704,36.31748714,49.48835721,Acidic Soil,Tea,DAP
0.60508919,67.2639603,43.67536359,59.63503847,Acidic Soil,Tea,DAP
0.500395237,65.29683829,35.64458989,53.81828008,Acidic Soil,Tea,DAP
0.433072041,65.55721776,39.80313755,62.71692806,Acidic Soil,Tea,DAP
0.396738245,67.31120139,38.486038,56.49564288,Acidic Soil,Tea,DAP
0.565007692,67.01984371,45.75985771,61.01716516,Acidic Soil,Tea,DAP
0.550225357,69.22888304,40.31349938,55.7211919,Acidic Soil,Tea,DAP
0.472071725,64.33021854,38.87610367,52.08097268,Acidic Soil,Tea,DAP
0.720968804,68.80028303,38.69394558,50.64796266,Peaty Soil,Tea,DAP
0.487270284,65.45459966,27.68787935,57.43573799,Acidic Soil,Tea,DAP
0.488522903,86.96971052,44.26987622,50.57781542,Acidic Soil,Tea,DAP
0.468579502,66.4695717,49.51118569,44.40896321,Acidic Soil,Tea,DAP
0.546991403,68.95323694,32.66102721,43.30426474,Acidic Soil,Tea,DAP
0.227436131,58.4954363,42.89704747,51.60498652,Peaty Soil,Tea,DAP
0.79343669,68.02991535,46.72551275,-20.50910839,Acidic Soil,Tea,DAP
0.387307904,68.93578989,35.04873445,159.5640307,Acidic Soil,Tea,DAP
0.613701918,66.50103801,39.86509014,51.71162268,Acidic Soil,Tea,DAP
0.726059172,50.02656016,22.70292902,47.2413516,Peaty Soil,millet,DAP
0.432358426,52.21550273,26.25281825,45.78948871,Acidic Soil,millet,DAP
0.736790629,52.11380826,113.9604813,146.5248822,Loamy Soil,millet,Balanced NPK Fertilizer
0.678927855,51.48687936,38.4171133,42.5051756,Peaty Soil,millet,DAP
0.972361206,52.18941818,39.75784999,52.6496016,Peaty Soil,millet,DAP
0.70074899,52.2261585,56.6220952,63.58024622,Loamy Soil,millet,Balanced NPK Fertilizer
0.570663697,50.43962416,52.75729733,41.32476982,Peaty Soil,millet,Muriate of Potash
0.6773911,50.9637099,43.5647169,52.78878828,Loamy Soil,millet,DAP
0.675968559,52.82814485,32.33785051,159.5640307,Acidic Soil,millet,DAP
0.704578242,51.3549053,94.03340362,139.5727325,Loamy Soil,millet,Balanced NPK Fertilizer
0.756107924,49.20007433,30.24356123,41.19699289,Acidic Soil,millet,Urea
0.796919475,49.01908179,43.57424943,40.47861771,Alkaline Soil,millet,Urea
0.73503146,53.63587601,99.0121248,100.7089455,Loamy Soil,millet,Balanced NPK Fertilizer
0.738407152,49.24633302,35.58821294,52.45369953,Acidic Soil,millet,Urea
0.39401682,51.39477307,30.24208585,42.56334001,Acidic Soil,millet,DAP
0.58079877,52.93325921,83.0158946,139.539437,Neutral Soil,millet,Water Retaining Fertilizer
0.467790168,51.68790017,69.29145594,97.89901232,Neutral Soil,millet,Water Retaining Fertilizer
0.510095283,53.79875283,31.69497833,58.32278104,Peaty Soil,millet,DAP
0.56821178,50.76389185,72.27138407,159.5640307,Neutral Soil,millet,Water Retaining Fertilizer
0.62612408,48.57035602,34.89369861,39.13143265,Acidic Soil,millet,Urea
0.444437256,49.88704507,39.62778755,50.50261032,Acidic Soil,millet,Urea
0.433263944,50.44388403,47.34220448,63.30825229,Alkaline Soil,millet,DAP
0.512351254,50.01410386,28.24020607,38.77891577,Acidic Soil,millet,DAP
0.771013456,51.42937393,46.42476704,61.69416616,Loamy Soil,millet,DAP
0.56052981,52.77368881,41.97849605,53.30120535,Neutral Soil,millet,DAP
0.446087893,52.48671389,107.1951165,141.8339619,Neutral Soil,millet,Water Retaining Fertilizer
0.656633562,49.71944185,40.34791127,43.66433106,Peaty Soil,millet,Urea
0.457774157,50.87943035,44.08449211,41.33529329,Acidic Soil,millet,DAP
0.562009285,52.63358064,45.42968796,59.75837603,Acidic Soil,millet,DAP
0.617451563,50.49233048,35.19715243,53.02918225,Peaty Soil,millet,DAP
0.661567057,49.05988961,89.7420744,141.5167218,Loamy Soil,millet,Urea
0.53737603,55.58526669,17.38550159,47.9139372,Acidic Soil,millet,DAP
0.541761302,52.79130351,177.3144812,42.21677169,Acidic Soil,millet,Muriate of Potash
0.544829287,86.96971052,37.70466494,46.55414811,Acidic Soil,millet,DAP
0.576501909,51.54871816,31.13277751,43.11791339,Acidic Soil,millet,DAP
0.600067156,49.72586105,45.86525402,72.79637645,Loamy Soil,millet,Urea
0.457558286,50.46648235,49.70474337,61.38082356,Neutral Soil,millet,DAP
0.784244138,52.07068104,33.49504072,46.54039084,Loamy Soil,millet,DAP
0.46523324,52.16628383,46.59290054,52.11803273,Peaty Soil,millet,DAP
0.67306145,54.73329424,42.82492638,78.47280175,Loamy Soil,millet,DAP
0.44192957,51.97548492,31.79721129,43.8309608,Acidic Soil,millet,DAP
0.449829586,48.33089048,33.03636676,56.15109594,Acidic Soil,millet,Urea
0.507826612,49.67591348,101.0828002,140.3535651,Neutral Soil,millet,Urea
0.491537774,48.68022252,38.91501437,43.99345695,Peaty Soil,millet,Urea
0.591884395,51.78959287,33.24472973,59.73209142,Neutral Soil,millet,DAP
0.489786224,51.70749181,39.14369895,45.52586103,Acidic Soil,millet,DAP
0.519220143,52.81499645,34.11993214,52.36397068,Neutral Soil,millet,DAP
0.500493364,86.96971052,33.39567856,55.38859678,Neutral Soil,millet,DAP
0.752786432,51.78190294,32.01046076,44.84691203,Peaty Soil,millet,DAP
0.688844721,50.72895727,24.09780716,57.64200665,Acidic Soil,millet,DAP
0.601170491,49.97976797,39.867363,46.65350184,Peaty Soil,millet,Urea
0.58956264,49.80314916,47.97327756,61.95756872,Acidic Soil,millet,Urea
0.693484927,52.54545521,37.03793034,37.74324803,Peaty Soil,millet,DAP
0.434420503,50.70710395,33.83745221,41.94806606,Acidic Soil,millet,DAP
0.607475946,52.77500517,35.35805552,41.85875575,Peaty Soil,millet,DAP
0.684521076,53.76056352,43.7340435,75.45081135,Loamy Soil,millet,DAP
0.617470951,51.92086706,34.32258867,44.53614424,Acidic Soil,millet,DAP
0.749030803,51.66637615,50.94968382,56.52287189,Peaty Soil,millet,Organic Fertilizer
0.227436131,48.56101647,32.14382745,159.5640307,Peaty Soil,millet,Urea
0.582475332,52.50684454,38.95836956,38.46100872,Acidic Soil,millet,DAP
0.740822905,51.76884701,39.36701257,57.33514131,Peaty Soil,millet,DAP
0.373903767,53.82855726,39.61485883,54.4199888,Neutral Soil,millet,DAP
0.558388335,51.92632495,16.71823678,159.5640307,Acidic Soil,millet,DAP
0.591802129,54.87975838,-37.64973873,51.56395703,Acidic Soil,millet,DAP
0.713750453,51.59477136,103.4923519,148.5334112,Loamy Soil,millet,Balanced NPK Fertilizer
0.416600914,35.52771842,26.1747415,62.26197338,Neutral Soil,millet,Urea
0.537059706,51.70342284,27.14832554,38.61129734,Acidic Soil,millet,DAP
0.972361206,53.67507791,60.88697257,75.5689478,Neutral Soil,millet,Gypsum
0.617885081,35.52771842,38.96863322,49.87953938,Acidic Soil,millet,Urea
0.621677401,48.12785657,30.97125593,54.17473797,Peaty Soil,millet,Urea
0.750065382,48.77592557,55.30016043,88.53305668,Loamy Soil,millet,Urea
0.41409727,56.60847309,50.84443569,66.5036328,Neutral Soil,millet,Compost
0.480682536,52.64422824,42.25328531,38.62261096,Acidic Soil,millet,DAP
0.755090092,51.97915963,31.29020039,45.53170915,Peaty Soil,millet,DAP
0.579263318,52.42840604,33.1233386,50.95088705,Neutral Soil,millet,DAP
0.804066255,52.43838676,38.94449776,59.52057923,Peaty Soil,millet,DAP
0.42517897,52.02295955,29.27596605,38.22798055,Acidic Soil,millet,DAP
0.622369021,51.92402411,27.44504269,44.51452689,Acidic Soil,millet,DAP
0.447981878,49.07364967,27.35584511,38.41850387,Peaty Soil,millet,Urea
0.664141982,52.51120779,39.60209061,40.28977121,Peaty Soil,millet,DAP
0.972361206,51.52958685,38.41234414,47.29090764,Peaty Soil,millet,DAP
0.496954306,49.62704022,41.46661242,56.31056271,Neutral Soil,millet,Urea
0.630477406,52.70154468,32.47223638,64.08452761,Acidic Soil,millet,DAP
0.412751102,52.59978994,38.9533795,54.44827939,Neutral Soil,millet,DAP
0.431160972,52.4243978,35.02561898,34.41817274,Acidic Soil,millet,DAP
0.57879698,52.71183409,104.4534664,146.8801809,Neutral Soil,millet,Water Retaining Fertilizer
0.485393029,47.5706151,30.36564879,41.76898466,Acidic Soil,millet,Urea
0.723832537,49.9469004,42.53812946,55.79939881,Loamy Soil,millet,Urea
0.80894687,51.10579028,40.3101438,48.77407285,Peaty Soil,millet,DAP
0.714342132,50.55081243,31.95132548,39.29751982,Peaty Soil,millet,DAP
0.461631708,51.04538617,38.4672005,45.06888254,Acidic Soil,millet,DAP
0.455865075,51.88091286,43.69347312,74.82800696,Neutral Soil,millet,DAP
0.648193229,52.89973092,24.22483619,57.98675022,Loamy Soil,millet,DAP
0.644936247,50.16823837,27.32297237,159.5640307,Peaty Soil,millet,DAP
0.370928364,52.10281668,36.91069235,45.7753715,Peaty Soil,millet,DAP
0.667519662,52.12533086,76.07448683,75.72342932,Loamy Soil,millet,Water Retaining Fertilizer
0.441857579,49.40469152,28.92342202,49.50013054,Peaty Soil,millet,Urea
0.972361206,49.57444272,49.9025229,43.82774526,Peaty Soil,millet,Urea
0.633302901,52.00367066,35.42218764,47.62477061,Peaty Soil,millet,DAP
0.68203254,49.56585669,51.44273734,55.54101007,Loamy Soil,millet,Urea
0.471677743,56.55539786,36.9474501,49.77779893,Acidic Soil,maize,DAP
0.605229299,61.1839662,125.0698086,145.3673157,Neutral Soil,maize,Water Retaining Fertilizer
0.586212002,54.34597986,77.8430097,67.56836198,Neutral Soil,maize,Water Retaining Fertilizer
0.476599151,53.38190149,82.47003287,64.75872904,Neutral Soil,maize,Water Retaining Fertilizer
0.396485624,55.72445848,49.1360046,50.12651283,Acidic Soil,maize,DAP
0.670452973,58.99945285,48.43596184,59.27622319,Acidic Soil,maize,DAP
0.452850876,57.84703252,46.74598169,47.75186059,Acidic Soil,maize,DAP
0.448843801,56.4492442,47.96907815,44.39758015,Acidic Soil,maize,DAP
0.582333125,55.05322883,51.31727024,159.5640307,Acidic Soil,maize,Lime
0.437217078,60.85989738,56.05966405,43.99776563,Acidic Soil,maize,Muriate of Potash
0.609849428,58.7996495,55.54453491,46.06930279,Acidic Soil,maize,Muriate of Potash
0.664114643,59.99383524,52.84508904,50.82856681,Acidic Soil,maize,Compost
0.641528241,56.26276473,152.1368295,145.0937645,Loamy Soil,maize,Water Retaining Fertilizer
0.450151324,55.50970027,46.98951604,50.91690197,Acidic Soil,maize,DAP
0.541578365,57.68354233,38.42009977,49.3816607,Acidic Soil,maize,DAP
0.691924845,54.81917597,45.89872553,48.49604576,Acidic Soil,maize,DAP
0.572485817,59.33931822,80.35588263,80.36794391,Neutral Soil,maize,Water Retaining Fertilizer
0.529929587,55.14766079,52.38496467,58.94133344,Acidic Soil,maize,Water Retaining Fertilizer
0.563238839,54.82132641,62.99619779,37.8960165,Acidic Soil,maize,Muriate of Potash
0.501700632,51.30187047,69.27498069,49.72619983,Acidic Soil,maize,Muriate of Potash
0.441829015,58.9442377,81.06182174,67.05176294,Neutral Soil,maize,Water Retaining Fertilizer
0.626362444,53.13241566,48.89202111,44.89334259,Acidic Soil,maize,DAP
0.659501491,55.27095051,148.3720316,104.1090078,Loamy Soil,maize,Compost
0.444907559,54.12319718,40.77128592,48.0087952,Acidic Soil,maize,DAP
0.642853858,56.77689154,37.08699,53.72767036,Acidic Soil,maize,DAP
0.60907246,60.56184406,94.53857959,72.11014453,Neutral Soil,maize,Water Retaining Fertilizer
0.563831669,60.84366813,35.54691177,60.37608086,Acidic Soil,maize,DAP
0.492510148,60.02299978,51.11789334,54.63094564,Acidic Soil,maize,Lime
0.693302558,53.96336681,42.75286267,38.22215719,Acidic Soil,maize,DAP
0.633998225,59.73337882,76.41528643,73.85959892,Loamy Soil,maize,Water Retaining Fertilizer
0.452882871,58.35226987,56.59935959,54.95719807,Acidic Soil,maize,Water Retaining Fertilizer
0.546127859,54.97954362,78.36450614,63.21170304,Neutral Soil,maize,Water Retaining Fertilizer
0.549490196,55.73932956,67.37236638,57.39434572,Acidic Soil,maize,Water Retaining Fertilizer
0.472622686,56.69329966,40.58946818,50.1365288,Acidic Soil,maize,DAP
0.39943234,59.01082889,76.88028016,72.13983967,Neutral Soil,maize,Water Retaining Fertilizer
0.670245643,60.85763437,88.56135373,62.63135008,Loamy Soil,maize,Compost
0.493777387,59.60401183,33.75805754,34.09347807,Acidic Soil,maize,DAP
0.467307846,56.57482689,115.7683988,113.5747616,Neutral Soil,maize,Water Retaining Fertilizer
0.579531017,60.16503779,51.87517711,53.21982054,Acidic Soil,maize,Lime
0.521010304,56.44414173,66.2681574,54.69905726,Acidic Soil,maize,Water Retaining Fertilizer
0.494913637,57.45582103,78.59943008,50.87346135,Acidic Soil,maize,Water Retaining Fertilizer
0.618236735,55.63594394,48.29800533,37.34530068,Acidic Soil,maize,DAP
0.466142344,58.09530053,60.15893154,56.68648229,Acidic Soil,maize,Water Retaining Fertilizer
0.470457842,58.37203842,48.95801984,50.59425343,Acidic Soil,maize,DAP
0.527301717,58.59221808,133.5941853,123.4228748,Neutral Soil,maize,Compost
0.549701813,52.52731158,68.18583022,65.13945931,Acidic Soil,maize,Water Retaining Fertilizer
0.68076246,59.01386163,52.83090811,60.164765,Acidic Soil,maize,Water Retaining Fertilizer
0.57910452,57.17455938,81.30208955,89.90364537,Neutral Soil,maize,Water Retaining Fertilizer
0.60914621,57.84288838,48.07957444,61.19945436,Acidic Soil,maize,DAP
0.632003859,53.9290011,135.8897429,88.83312099,Loamy Soil,maize,Water Retaining Fertilizer
0.608334407,54.03038135,72.30646424,73.91393758,Loamy Soil,maize,Water Retaining Fertilizer
0.376828951,56.8727234,88.16098797,84.24174545,Neutral Soil,maize,Water Retaining Fertilizer
0.403682545,54.27356941,177.3144812,49.06799713,Acidic Soil,maize,Muriate of Potash
0.587672686,54.64178215,67.06829894,57.33955847,Acidic Soil,maize,Water Retaining Fertilizer
0.63192235,55.69265788,32.88684672,56.48969989,Acidic Soil,maize,DAP
0.606019641,86.96971052,40.25569856,50.11011366,Acidic Soil,maize,DAP
0.426010416,59.19931048,45.7738123,58.70747076,Acidic Soil,maize,DAP
0.616628731,55.88084006,-37.64973873,50.30983753,Acidic Soil,maize,DAP
0.432805111,54.51713969,116.7979885,81.55998605,Neutral Soil,maize,Water Retaining Fertilizer
0.575449394,35.52771842,60.55062373,51.06709227,Acidic Soil,maize,Urea
0.674580951,55.03803909,36.1085859,50.22157995,Acidic Soil,maize,DAP
0.677268697,55.67837635,47.73881668,159.5640307,Acidic Soil,maize,DAP
0.443921264,54.97863398,39.16316416,54.00683833,Acidic Soil,maize,DAP
0.417800439,53.86505682,-37.64973873,49.82037554,Acidic Soil,maize,DAP
0.571170267,56.62382366,36.45949359,45.2151398,Acidic Soil,maize,DAP
0.513160239,56.75149455,140.938239,139.4567745,Neutral Soil,maize,Compost
0.509154841,53.398435,52.67481638,47.05336776,Acidic Soil,maize,Muriate of Potash
0.573853857,60.4886604,92.65077604,85.24208989,Neutral Soil,maize,Water Retaining Fertilizer
0.65198504,55.09011779,46.15167774,45.67561228,Acidic Soil,maize,DAP
0.431301615,59.84759724,151.1745896,144.5627991,Neutral Soil,maize,Water Retaining Fertilizer
0.540952704,54.4962238,60.6421187,54.75129663,Acidic Soil,maize,Water Retaining Fertilizer
0.620936862,55.29932258,87.19292469,93.18669105,Loamy Soil,maize,Water Retaining Fertilizer
0.626949665,51.64708925,177.3144812,53.77746514,Acidic Soil,maize,Lime
0.606344562,60.89758187,39.44642548,56.88937221,Acidic Soil,maize,DAP
0.574907734,53.66256888,151.7303568,159.5640307,Neutral Soil,maize,Water Retaining Fertilizer
0.503196909,58.57680811,44.17057407,42.82340215,Acidic Soil,maize,DAP
0.625369763,58.38400991,114.239111,87.73772462,Loamy Soil,maize,Lime
0.382275748,57.77760731,58.64439136,48.94101035,Acidic Soil,maize,Muriate of Potash
0.538288239,53.46664249,41.09227167,38.97135386,Acidic Soil,maize,DAP
0.399505533,57.40571768,56.81639371,57.69734301,Acidic Soil,maize,Compost
0.669190615,60.39986316,152.3073839,159.5640307,Loamy Soil,maize,Compost
0.650072349,61.92386892,91.34598647,78.90196951,Loamy Soil,maize,Water Retaining Fertilizer
0.421589976,53.32190381,-37.64973873,52.32590562,Acidic Soil,maize,DAP
0.612870572,58.05812608,38.45090696,36.11150949,Acidic Soil,maize,DAP
0.716515092,86.96971052,63.10913278,159.5640307,Acidic Soil,maize,General Purpose Fertilizer
0.593640359,55.65774172,56.44405975,64.26603535,Acidic Soil,maize,Water Retaining Fertilizer
0.532759859,59.65786937,99.71039802,70.44126348,Neutral Soil,maize,Water Retaining Fertilizer
0.50144024,58.68707615,49.06478197,50.20295018,Acidic Soil,maize,DAP
0.397993752,54.67754426,65.91181679,159.5640307,Neutral Soil,maize,Water Retaining Fertilizer
0.553858267,53.93956898,43.10223046,55.8285944,Acidic Soil,maize,DAP
0.425150244,57.95854995,82.75327758,73.6484034,Neutral Soil,maize,Compost
0.972361206,58.96410599,66.8239817,50.45689428,Acidic Soil,maize,General Purpose Fertilizer
0.419976469,58.60027043,177.3144812,50.82126066,Acidic Soil,maize,Water Retaining Fertilizer
0.441249131,54.53961027,85.91631682,64.45591596,Neutral Soil,maize,Lime
0.448199731,55.93968431,48.79990254,64.32132084,Acidic Soil,maize,DAP
0.674837859,56.56297429,56.70763732,54.68658045,Acidic Soil,maize,Compost
0.599775286,58.75362032,60.20436632,61.99174246,Acidic Soil,maize,Water Retaining Fertilizer
0.488989425,56.41298348,65.07040844,62.29879216,Acidic Soil,maize,Water Retaining Fertilizer
0.636013487,54.45437345,55.34619218,50.62992335,Acidic Soil,maize,Water Retaining Fertilizer
0.712083705,61.96028578,153.6591741,144.2325439,Loamy Soil,maize,Compost
0.731492765,53.09637435,56.9919779,56.62503703,Peaty Soil,Lentil,Organic Fertilizer
0.550013152,52.55284419,41.3005582,45.37265197,Peaty Soil,Lentil,DAP
0.582948971,54.08001113,67.27251861,52.22829446,Neutral Soil,Lentil,Water Retaining Fertilizer
0.54187921,51.81316444,92.21328866,50.89400155,Neutral Soil,Lentil,Lime
0.698532744,86.96971052,80.27408957,63.9822848,Loamy Soil,Lentil,Compost
0.578305148,86.96971052,63.06159123,56.28954625,Acidic Soil,Lentil,Water Retaining Fertilizer
0.657923237,52.84941882,64.3275018,45.31124489,Peaty Soil,Lentil,Muriate of Potash
0.426033329,54.53502313,67.19463253,42.62669295,Acidic Soil,Lentil,Muriate of Potash
0.75796269,51.80981743,64.918139,55.49280428,Loamy Soil,Lentil,Balanced NPK Fertilizer
0.759927409,35.52771842,90.43039573,64.28677074,Loamy Soil,Lentil,Urea
0.624347668,55.2993876,62.13358767,-20.50910839,Acidic Soil,Lentil,Muriate of Potash
0.41614348,56.87620912,91.34124937,55.25951681,Neutral Soil,Lentil,Water Retaining Fertilizer
0.613232099,52.35741915,87.05716971,66.37026041,Loamy Soil,Lentil,Water Retaining Fertilizer
0.719278268,56.16824629,51.81814362,38.64197549,Peaty Soil,Lentil,Muriate of Potash
0.487622333,50.58983032,40.87613905,39.39363211,Acidic Soil,Lentil,DAP
0.702606807,50.97049555,59.12835746,48.49794636,Peaty Soil,Lentil,Muriate of Potash
0.405141691,54.2759675,76.48438997,71.52394256,Neutral Soil,Lentil,Water Retaining Fertilizer
0.631635287,55.37329861,60.29574105,41.10113969,Peaty Soil,Lentil,Muriate of Potash
0.419444887,53.30922718,73.14863454,58.67357775,Neutral Soil,Lentil,Gypsum
0.647939305,53.73458982,146.992157,104.625256,Loamy Soil,Lentil,Water Retaining Fertilizer
0.721617124,52.51634582,72.93960435,47.56954353,Loamy Soil,Lentil,Muriate of Potash
0.594394207,52.94622911,56.12305437,46.36112499,Peaty Soil,Lentil,Muriate of Potash
0.530754792,55.52019821,96.58668201,48.9216207,Neutral Soil,Lentil,Muriate of Potash
0.71773705,56.41919848,110.3762019,55.18826991,Loamy Soil,Lentil,Balanced NPK Fertilizer
0.708190663,53.14524991,72.8380946,45.92237384,Peaty Soil,Lentil,Muriate of Potash
0.48757352,55.90271181,59.25515904,59.18074958,Acidic Soil,Lentil,Water Retaining Fertilizer
0.735294272,51.47875187,141.597619,89.41839956,Loamy Soil,Lentil,Balanced NPK Fertilizer
0.603095684,50.69646598,58.64465977,159.5640307,Peaty Soil,Lentil,Water Retaining Fertilizer
0.4976338,53.3550945,80.54157037,60.18199504,Neutral Soil,Lentil,Compost
0.389201081,55.44213994,52.22818533,44.4062877,Peaty Soil,Lentil,Muriate of Potash
0.701471515,54.30843269,50.57324611,49.24144459,Acidic Soil,Lentil,Muriate of Potash
0.541478289,53.55162285,151.1115329,95.85244531,Neutral Soil,Lentil,Water Retaining Fertilizer
0.596857891,54.17896167,92.18464839,61.66534006,Loamy Soil,Lentil,Water Retaining Fertilizer
0.716670756,51.96401135,67.84682856,53.12590371,Peaty Soil,Lentil,Organic Fertilizer
0.648249181,56.16467721,115.4118238,76.43397995,Loamy Soil,Lentil,Water Retaining Fertilizer
0.513427374,52.71841956,65.50468078,44.9078905,Peaty Soil,Lentil,Muriate of Potash
0.75479444,55.45913728,-37.64973873,99.28278966,Loamy Soil,Lentil,DAP
0.534621231,57.35904529,50.51000156,51.45519794,Acidic Soil,Lentil,Water Retaining Fertilizer
0.684075331,55.64522343,64.2553606,48.6461784,Acidic Soil,Lentil,Muriate of Potash
0.582887246,86.96971052,143.8827374,73.47565247,Neutral Soil,Lentil,Water Retaining Fertilizer
0.647704941,55.28498103,141.0832539,133.192121,Loamy Soil,Lentil,Compost
0.70621151,56.11165308,147.4725202,140.9097852,Loamy Soil,Lentil,Balanced NPK Fertilizer
0.749254296,53.17368731,51.00834398,46.2362254,Peaty Soil,Lentil,Muriate of Potash
0.509690278,51.67288037,111.5774156,67.84942934,Neutral Soil,Lentil,Compost
0.676164616,35.52771842,73.92169521,48.33675116,Loamy Soil,Lentil,Urea
0.616513034,49.26241924,62.13160101,-20.50910839,Acidic Soil,Lentil,Urea
0.642942184,53.03950432,63.12714201,52.48377871,Alkaline Soil,Lentil,Compost
0.58233062,55.58065897,126.9684763,140.4453437,Neutral Soil,Lentil,Water Retaining Fertilizer
0.706193758,54.29558001,149.4648059,148.4003435,Loamy Soil,Lentil,Balanced NPK Fertilizer
0.439256257,52.34422003,72.96798349,159.5640307,Neutral Soil,Lentil,Compost
0.496376492,52.8364459,73.74510437,49.27149911,Acidic Soil,Lentil,Muriate of Potash
0.588119277,54.84013573,142.785705,112.5353261,Loamy Soil,Lentil,Compost
0.716351252,52.23804364,114.4253264,63.65138169,Loamy Soil,Lentil,Compost
0.606949397,54.44221828,47.07747733,49.51823351,Acidic Soil,Lentil,DAP
0.484815219,54.6353675,90.62858481,59.3490423,Neutral Soil,Lentil,Compost
0.577857564,52.16650671,70.52875593,47.7795517,Acidic Soil,Lentil,Muriate of Potash
0.407131868,52.23309698,54.69765823,-20.50910839,Acidic Soil,Lentil,Muriate of Potash
0.776582082,51.56160791,82.35138752,55.96605297,Loamy Soil,Lentil,Balanced NPK Fertilizer
0.472845798,52.49470389,66.48068296,52.88932756,Alkaline Soil,Lentil,Compost
0.772724861,52.60493876,123.3947317,73.97029899,Loamy Soil,Lentil,Balanced NPK Fertilizer
0.608199026,55.76164893,141.1450291,141.9905469,Loamy Soil,Lentil,Gypsum
0.772877987,52.32362275,93.93312188,68.76916148,Loamy Soil,Lentil,Balanced NPK Fertilizer
0.454911997,53.81550023,94.88034153,59.11823759,Neutral Soil,Lentil,Water Retaining Fertilizer
0.972361206,53.8449174,72.13440274,41.59278216,Loamy Soil,Lentil,Muriate of Potash
0.556275755,35.52771842,67.20123795,48.78908311,Neutral Soil,Lentil,Urea
0.723873703,52.94381657,81.14084143,51.84154531,Loamy Soil,Lentil,Compost
0.428961586,51.45866449,131.6452987,137.8909226,Neutral Soil,Lentil,Water Retaining Fertilizer
0.433113676,49.3226551,58.26993807,44.53571433,Neutral Soil,Lentil,Urea
0.780287962,53.86401146,154.4072633,90.29301611,Loamy Soil,Lentil,Balanced NPK Fertilizer
0.46306268,53.78518559,40.25577044,45.48794795,Peaty Soil,Lentil,DAP
0.712250294,52.61465276,58.07297987,49.8436107,Peaty Soil,Lentil,Muriate of Potash
0.687418569,55.00440787,62.37154931,52.58460453,Acidic Soil,Lentil,Lime
0.427530264,54.83536441,-37.64973873,74.5231054,Neutral Soil,Lentil,DAP
0.754438015,54.10067926,65.8067526,50.03291472,Peaty Soil,Lentil,Compost
0.438626877,53.71735364,84.20424509,51.64484186,Neutral Soil,Lentil,Compost
0.428817406,50.30373787,135.8564117,99.74879725,Neutral Soil,Lentil,Water Retaining Fertilizer
0.490476458,53.07987016,57.029391,-20.50910839,Peaty Soil,Lentil,Muriate of Potash
0.754457559,51.57721366,60.38099777,50.50938055,Peaty Soil,Lentil,Organic Fertilizer
0.454832449,56.45792851,117.9922622,57.04252753,Neutral Soil,Lentil,Water Retaining Fertilizer
0.476411179,53.10307115,-37.64973873,159.5640307,Neutral Soil,Lentil,DAP
0.553378502,51.47587631,135.1911709,88.65264283,Neutral Soil,Lentil,Compost
0.619172295,57.70882524,57.58439988,55.88433312,Acidic Soil,Lentil,Water Retaining Fertilizer
0.616593058,52.07805599,81.67476897,52.81887649,Acidic Soil,Lentil,Water Retaining Fertilizer
0.227436131,53.32202335,140.0338737,139.2309526,Neutral Soil,Lentil,Water Retaining Fertilizer
0.746911837,55.73659357,55.87598997,39.920587,Peaty Soil,Lentil,Muriate of Potash
0.972361206,54.70380767,60.79378747,50.33982774,Acidic Soil,Lentil,General Purpose Fertilizer
0.705258402,55.76064091,56.79988169,53.91095698,Peaty Soil,Lentil,Organic Fertilizer
0.748374611,53.47513411,132.8319509,127.6595045,Loamy Soil,Lentil,Compost
0.784471368,51.09994145,105.6862978,66.43028341,Loamy Soil,Lentil,Compost
0.652371034,53.56206708,50.37914724,57.2249473,Acidic Soil,Lentil,Compost
0.689202366,54.09320316,158.9852842,116.7746611,Loamy Soil,Lentil,Compost
0.610769385,56.75973583,79.62017443,43.97501309,Loamy Soil,Lentil,Muriate of Potash
0.533784548,86.96971052,100.0846107,58.34670537,Neutral Soil,Lentil,Water Retaining Fertilizer
0.504825391,60.20104728,87.2227486,57.13773822,Neutral Soil,Lentil,Water Retaining Fertilizer
0.788853344,52.51700316,58.93191188,46.01002883,Peaty Soil,Lentil,Muriate of Potash
0.469618879,55.82586549,161.2064586,126.4169136,Neutral Soil,Lentil,Water Retaining Fertilizer
0.518841733,52.36232299,54.07658917,40.85992632,Acidic Soil,Lentil,Muriate of Potash
0.567819764,49.48663926,70.5416564,159.5640307,Peaty Soil,Lentil,Urea
0.609799541,54.63121575,55.68525879,53.08609155,Peaty Soil,Lentil,Water Retaining Fertilizer
0.726078043,51.4753019,49.54232067,50.53567433,Peaty Soil,Lentil,DAP
0.573399327,64.32391628,53.20511016,62.75574108,Acidic Soil,Jute,Compost
0.619016713,71.62634487,49.27986482,-20.50910839,Acidic Soil,Jute,DAP
0.487899769,72.95957615,143.9650817,130.9608478,Neutral Soil,Jute,Compost
0.438716047,70.49012131,71.84979691,73.79855099,Acidic Soil,Jute,Lime
0.460062443,68.18067797,51.59932623,60.21698098,Acidic Soil,Jute,Water Retaining Fertilizer
0.590555328,68.65078924,58.19281301,86.25517305,Acidic Soil,Jute,Water Retaining Fertilizer
0.704276191,69.3690593,110.8196881,107.7120036,Loamy Soil,Jute,Compost
0.769286183,72.25210274,56.34140955,63.94386417,Peaty Soil,Jute,Lime
0.387737351,72.05493864,122.7507499,140.2857799,Neutral Soil,Jute,Water Retaining Fertilizer
0.379134539,72.55675579,61.59403414,77.76503382,Acidic Soil,Jute,Compost
0.752150802,67.53429141,101.1002687,114.6469557,Loamy Soil,Jute,Balanced NPK Fertilizer
0.706860913,71.43349166,50.732159,70.61060885,Peaty Soil,Jute,Organic Fertilizer
0.504178543,69.3861646,70.0561022,77.32910752,Acidic Soil,Jute,Compost
0.478773091,71.90614044,152.9539293,150.1621024,Neutral Soil,Jute,Compost
0.571785524,69.18824939,99.98718327,132.4152206,Neutral Soil,Jute,Compost
0.743789415,69.39080745,145.7181778,148.3575571,Loamy Soil,Jute,Balanced NPK Fertilizer
0.763655626,64.12534291,80.65597783,83.2249566,Loamy Soil,Jute,Lime
0.446183515,73.62942928,92.13624738,109.5433511,Neutral Soil,Jute,Water Retaining Fertilizer
0.227436131,86.96971052,69.33597271,60.90809589,Acidic Soil,Jute,Water Retaining Fertilizer
0.77010874,66.82339987,118.51604,127.0699501,Loamy Soil,Jute,Compost
0.67179981,64.79347898,83.47819473,95.84722338,Loamy Soil,Jute,Compost
0.617542396,68.70487906,149.9993064,144.1527096,Loamy Soil,Jute,Water Retaining Fertilizer
0.452652188,70.99362281,-37.64973873,144.9282814,Neutral Soil,Jute,DAP
0.435031043,64.73573611,88.3590028,90.88619535,Neutral Soil,Jute,Water Retaining Fertilizer
0.743344711,67.71152247,57.5327909,71.98378298,Acidic Soil,Jute,Compost
0.476573442,73.50073499,92.8589247,108.1528535,Neutral Soil,Jute,Water Retaining Fertilizer
0.475212296,69.78041324,64.77077547,79.38200666,Acidic Soil,Jute,Water Retaining Fertilizer
0.601740181,70.41498491,127.1649699,117.4504439,Loamy Soil,Jute,Water Retaining Fertilizer
0.560808591,68.28442428,62.12534908,67.05625005,Acidic Soil,Jute,Water Retaining Fertilizer
0.512282985,71.01797236,105.2081093,116.7366248,Neutral Soil,Jute,Compost
0.768326766,71.15671499,65.60131919,71.92434276,Peaty Soil,Jute,Organic Fertilizer
0.517558486,68.20995859,71.23183727,79.92575088,Acidic Soil,Jute,Compost
0.716519064,68.90703731,140.1662245,154.4622192,Loamy Soil,Jute,Compost
0.584700731,35.52771842,94.54248492,107.0660107,Neutral Soil,Jute,Urea
0.465511752,71.6288571,117.1587827,141.0256761,Neutral Soil,Jute,Compost
0.470972675,66.70109901,64.10852863,63.75879797,Acidic Soil,Jute,Water Retaining Fertilizer
0.69945234,68.68921288,54.73046849,67.49127628,Acidic Soil,Jute,Water Retaining Fertilizer
0.813120986,71.20302919,56.9884235,68.85559521,Acidic Soil,Jute,Compost
0.562037903,67.46972519,68.59347181,-20.50910839,Neutral Soil,Jute,Muriate of Potash
0.433018313,66.60145035,72.51987277,73.55274129,Neutral Soil,Jute,Water Retaining Fertilizer
0.972361206,66.69498378,90.67172843,92.01157817,Loamy Soil,Jute,Balanced NPK Fertilizer
0.685349484,72.50114815,146.1270877,159.5640307,Loamy Soil,Jute,Water Retaining Fertilizer
0.420095556,71.80342787,148.8942296,138.327561,Neutral Soil,Jute,Compost
0.58864298,66.06307131,149.5054029,156.9886323,Neutral Soil,Jute,Water Retaining Fertilizer
0.485008777,72.44515442,89.33971589,92.27072824,Acidic Soil,Jute,Water Retaining Fertilizer
0.502996632,71.04383307,142.9171821,143.0414031,Neutral Soil,Jute,Water Retaining Fertilizer
0.604432431,69.55915711,145.5473674,143.1916205,Loamy Soil,Jute,Compost
0.590460713,69.12698326,64.34546557,69.01959794,Acidic Soil,Jute,Water Retaining Fertilizer
0.646946641,70.14149481,105.454042,114.6329554,Loamy Soil,Jute,Water Retaining Fertilizer
0.544841544,71.95364983,84.50924349,95.51715033,Neutral Soil,Jute,Compost
0.622469905,70.17480945,32.6969866,73.96929072,Acidic Soil,Jute,DAP
0.740726636,64.98069099,153.7314708,135.9789947,Loamy Soil,Jute,Balanced NPK Fertilizer
0.604995722,71.44947914,-37.64973873,76.3059258,Acidic Soil,Jute,DAP
0.393887015,68.81524437,106.3157386,108.479213,Neutral Soil,Jute,Water Retaining Fertilizer
0.736110554,70.69569586,136.8153376,151.4304848,Loamy Soil,Jute,Balanced NPK Fertilizer
0.569127094,67.61154808,103.3887945,105.0957938,Neutral Soil,Jute,Water Retaining Fertilizer
0.681767472,71.24679676,61.61337374,77.30330269,Acidic Soil,Jute,Water Retaining Fertilizer
0.579648615,69.58178749,153.9928286,137.6203789,Neutral Soil,Jute,Compost
0.733011575,69.79336101,145.6588205,138.9062784,Loamy Soil,Jute,Balanced NPK Fertilizer
0.595410592,64.36015217,86.24069878,85.43883456,Neutral Soil,Jute,Water Retaining Fertilizer
0.791916135,71.80089649,138.8418016,151.4575915,Loamy Soil,Jute,Compost
0.504430844,69.95799377,140.7905306,129.311154,Neutral Soil,Jute,Water Retaining Fertilizer
0.742592483,67.88348561,102.0445942,118.1742707,Loamy Soil,Jute,Balanced NPK Fertilizer
0.522208987,65.48026299,78.55995415,94.0829818,Neutral Soil,Jute,Water Retaining Fertilizer
0.555527123,69.19449425,50.03967063,67.29290002,Acidic Soil,Jute,Compost
0.565578497,74.17741638,60.58668218,72.85488128,Acidic Soil,Jute,Water Retaining Fertilizer
0.49963012,69.62767596,101.9921555,93.93174607,Neutral Soil,Jute,Water Retaining Fertilizer
0.370747545,70.828746,99.19686388,111.6888712,Neutral Soil,Jute,Compost
0.597973499,65.768694,177.3144812,149.1247218,Loamy Soil,Jute,Water Retaining Fertilizer
0.503336231,69.5879096,115.4393931,131.3684042,Neutral Soil,Jute,Water Retaining Fertilizer
0.585450257,71.32273353,139.545625,150.713732,Neutral Soil,Jute,Water Retaining Fertilizer
0.972361206,69.52907341,-37.64973873,74.74169934,Peaty Soil,Jute,DAP
0.617585698,63.77241662,73.79592929,104.4687751,Neutral Soil,Jute,Water Retaining Fertilizer
0.972361206,71.29718765,145.868604,139.0243779,Loamy Soil,Jute,Balanced NPK Fertilizer
0.972361206,69.30958311,65.31576332,77.68950439,Acidic Soil,Jute,General Purpose Fertilizer
0.529278963,67.11128415,155.6309002,139.00106,Neutral Soil,Jute,Water Retaining Fertilizer
0.662416068,68.56643548,108.3752973,114.7116641,Loamy Soil,Jute,Compost
0.688472219,35.52771842,63.49729699,65.98940506,Acidic Soil,Jute,Urea
0.591734545,68.22870404,83.02161645,91.80370358,Acidic Soil,Jute,Water Retaining Fertilizer
0.49543693,69.89297635,140.4677239,158.2303546,Neutral Soil,Jute,Compost
0.765306765,65.95406818,156.073085,144.1344823,Loamy Soil,Jute,Compost
0.691895824,67.58536741,43.21744944,71.79109703,Acidic Soil,Jute,DAP
0.433098186,68.79402956,61.08166115,88.60150701,Acidic Soil,Jute,Water Retaining Fertilizer
0.47351664,69.63849233,49.27696807,69.6104484,Acidic Soil,Jute,DAP
0.812409549,64.41948159,123.5619247,120.0881226,Loamy Soil,Jute,Balanced NPK Fertilizer
0.575633664,68.85393504,128.5816266,135.9007178,Neutral Soil,Jute,Compost
0.765754318,68.71833068,71.24263374,63.56322698,Peaty Soil,Jute,Lime
0.620651536,70.57440087,98.10678731,120.2426477,Loamy Soil,Jute,Water Retaining Fertilizer
0.757571528,67.93381926,87.95262799,104.1844679,Loamy Soil,Jute,Balanced NPK Fertilizer
0.679485593,71.46640723,114.77367,127.1067293,Loamy Soil,Jute,Water Retaining Fertilizer
0.665922705,65.17231075,55.99097315,68.28170251,Acidic Soil,Jute,Compost
0.703650673,71.02188846,96.53831607,120.8339559,Loamy Soil,Jute,Balanced NPK Fertilizer
0.691030407,64.71076563,64.50882615,78.98778012,Acidic Soil,Jute,Water Retaining Fertilizer
0.781453228,74.15088679,87.17151037,88.04067113,Loamy Soil,Jute,Balanced NPK Fertilizer
0.522769959,66.80615906,148.6665287,155.5818432,Neutral Soil,Jute,Compost
0.368599638,72.61844891,106.0401139,122.559967,Neutral Soil,Jute,Compost
0.779972342,66.43856978,177.3144812,159.5640307,Loamy Soil,Jute,Compost
0.63610795,73.70439799,156.9359087,142.6295594,Loamy Soil,Jute,Water Retaining Fertilizer
0.683372657,72.03111025,140.4433988,159.2177683,Loamy Soil,Jute,Compost
0.77519879,66.78710146,122.8680983,124.8920246,Loamy Soil,Jute,Balanced NPK Fertilizer
0.395200204,35.52771842,96.94446813,146.4999309,Neutral Soil,Coffee,Urea
0.539020098,62.73254857,96.97061131,134.4876755,Neutral Soil,Coffee,Compost
0.589651213,61.39384489,95.44385013,159.5640307,Neutral Soil,Coffee,Compost
0.416925691,58.91342569,64.06392936,74.21661237,Acidic Soil,Coffee,Water Retaining Fertilizer
0.972361206,64.97834902,62.85382831,64.20001729,Acidic Soil,Coffee,General Purpose Fertilizer
0.687059198,59.52448306,141.081545,138.308752,Loamy Soil,Coffee,Water Retaining Fertilizer
0.469954982,62.4425411,134.8463642,154.9979326,Neutral Soil,Coffee,Water Retaining Fertilizer
0.426854681,56.84058416,125.6104598,131.761209,Neutral Soil,Coffee,Water Retaining Fertilizer
0.674923802,62.93859109,51.50974235,64.70184664,Acidic Soil,Coffee,Water Retaining Fertilizer
0.702371324,65.73814397,56.2203666,81.10986707,Acidic Soil,Coffee,General Purpose Fertilizer
0.670959364,61.28829719,47.69682483,-20.50910839,Acidic Soil,Coffee,DAP
0.563347794,63.38433224,135.930125,154.3755415,Neutral Soil,Coffee,Water Retaining Fertilizer
0.543607174,65.89859802,68.1480218,80.86460973,Neutral Soil,Coffee,Water Retaining Fertilizer
0.638334253,57.13501613,150.0467084,159.5640307,Loamy Soil,Coffee,Water Retaining Fertilizer
0.532634039,62.92208108,154.6284715,136.9508351,Neutral Soil,Coffee,Water Retaining Fertilizer
0.666539507,60.78785547,81.24863068,92.6131958,Loamy Soil,Coffee,Water Retaining Fertilizer
0.564477518,86.96971052,101.1654643,125.651173,Neutral Soil,Coffee,Water Retaining Fertilizer
0.550096448,65.87553554,64.24433939,81.29320277,Neutral Soil,Coffee,Compost
0.629957009,68.76259107,95.38894481,139.102789,Loamy Soil,Coffee,Water Retaining Fertilizer
0.549271441,60.35251412,57.14501351,67.73034725,Acidic Soil,Coffee,Lime
0.549451446,68.0235255,153.4598743,135.013513,Neutral Soil,Coffee,Water Retaining Fertilizer
0.737018075,65.54430313,67.17034814,85.22544287,Loamy Soil,Coffee,Compost
0.591468295,66.50433429,140.8485673,-20.50910839,Neutral Soil,Coffee,Muriate of Potash
0.406486899,65.09900412,66.66336899,76.71052491,Acidic Soil,Coffee,Water Retaining Fertilizer
0.749896604,64.14021648,73.48942557,96.30046435,Loamy Soil,Coffee,Balanced NPK Fertilizer
0.639141321,68.37920734,64.24413022,95.29592113,Loamy Soil,Coffee,Water Retaining Fertilizer
0.972361206,66.51331714,177.3144812,64.93671072,Acidic Soil,Coffee,Compost
0.682689896,69.35132593,79.78005375,80.13249558,Loamy Soil,Coffee,Water Retaining Fertilizer
0.565263017,64.03858621,50.49983271,65.28017838,Acidic Soil,Coffee,Water Retaining Fertilizer
0.827291134,59.13915793,150.0378875,144.8566631,Loamy Soil,Coffee,Compost
0.40013859,66.04986174,97.0109913,154.2616422,Neutral Soil,Coffee,Compost
0.524036061,62.51026531,108.9032642,120.1156763,Neutral Soil,Coffee,Water Retaining Fertilizer
0.972361206,60.57207723,78.61431542,99.16638959,Neutral Soil,Coffee,General Purpose Fertilizer
0.78991663,63.6220547,131.6896246,129.7447045,Loamy Soil,Coffee,Balanced NPK Fertilizer
0.599000106,66.04687531,64.56014954,99.83719552,Acidic Soil,Coffee,Water Retaining Fertilizer
0.744867258,56.65109091,100.8794867,108.8202226,Loamy Soil,Coffee,Lime
0.699589176,60.14090495,121.8383995,132.0968209,Loamy Soil,Coffee,Compost
0.747647629,60.75447367,103.3469278,-20.50910839,Loamy Soil,Coffee,Muriate of Potash
0.468066002,57.78561844,114.8236178,109.4826087,Neutral Soil,Coffee,Water Retaining Fertilizer
0.668418,62.78655321,84.79893495,124.7223717,Loamy Soil,Coffee,Compost
0.636265996,86.96971052,112.5310673,115.306553,Loamy Soil,Coffee,Compost
0.463835752,63.79878776,67.33118356,89.41266019,Neutral Soil,Coffee,Water Retaining Fertilizer
0.557130899,67.44000611,104.9348601,147.5569445,Loamy Soil,Coffee,Water Retaining Fertilizer
0.746789309,61.38226814,69.52897913,73.38843742,Loamy Soil,Coffee,Balanced NPK Fertilizer
0.429189609,69.90810674,144.3287924,147.7871757,Neutral Soil,Coffee,Water Retaining Fertilizer
0.550714953,69.53576808,106.8669801,159.5640307,Neutral Soil,Coffee,Water Retaining Fertilizer
0.693351486,67.71404351,41.518208,61.99335478,Acidic Soil,Coffee,DAP
0.52077591,62.8447567,109.7085563,134.8593357,Neutral Soil,Coffee,Water Retaining Fertilizer
0.674689311,62.62103927,151.6404792,152.686862,Loamy Soil,Coffee,Water Retaining Fertilizer
0.227436131,63.57631158,44.30691308,75.90998102,Acidic Soil,Coffee,DAP
0.695585161,62.42841542,152.9871611,140.9222552,Loamy Soil,Coffee,Water Retaining Fertilizer
0.669442009,66.74564026,108.6676994,141.0629794,Loamy Soil,Coffee,Water Retaining Fertilizer
0.816477124,59.8472133,-37.64973873,75.36600995,Acidic Soil,Coffee,DAP
0.681381829,60.81827351,151.540908,140.0669903,Loamy Soil,Coffee,Compost
0.60084596,68.01233283,146.9769341,139.634425,Loamy Soil,Coffee,Water Retaining Fertilizer
0.482647221,64.40605782,147.4882764,144.6129274,Neutral Soil,Coffee,Compost
0.577088647,62.50809048,139.803096,146.2137338,Neutral Soil,Coffee,Water Retaining Fertilizer
0.685867596,60.6316021,135.9250318,137.6207585,Loamy Soil,Coffee,Water Retaining Fertilizer
0.678938275,65.0339933,177.3144812,83.08491222,Loamy Soil,Coffee,Water Retaining Fertilizer
0.759101457,62.80573843,41.19174662,66.29722014,Acidic Soil,Coffee,DAP
0.638659511,64.21280178,55.8484709,99.37321409,Loamy Soil,Coffee,Water Retaining Fertilizer
0.640026817,62.90755148,92.89598901,121.8424806,Loamy Soil,Coffee,Compost
0.655387195,61.76770416,68.41178144,63.14821017,Loamy Soil,Coffee,Water Retaining Fertilizer
0.494680433,63.21841927,86.6905079,103.5127898,Neutral Soil,Coffee,Water Retaining Fertilizer
0.788280465,61.76007014,40.68423973,63.4762125,Peaty Soil,Coffee,DAP
0.511310698,63.95947179,53.22027228,66.94315603,Acidic Soil,Coffee,Lime
0.730336674,63.15543854,131.5402008,137.70836,Loamy Soil,Coffee,Compost
0.763340173,64.13726789,137.4254418,135.7970014,Loamy Soil,Coffee,Compost
0.568876036,62.67114478,99.6874325,109.1525661,Neutral Soil,Coffee,Water Retaining Fertilizer
0.422967543,67.2125736,139.2498451,-20.50910839,Neutral Soil,Coffee,Muriate of Potash
0.733264688,68.09229043,91.46700977,127.5769859,Loamy Soil,Coffee,Balanced NPK Fertilizer
0.541689574,60.18773626,149.7401005,150.4005183,Neutral Soil,Coffee,Water Retaining Fertilizer
0.781758648,63.28722798,48.63109565,64.69322538,Acidic Soil,Coffee,DAP
0.706221608,65.5489822,70.21928053,98.27974529,Loamy Soil,Coffee,Balanced NPK Fertilizer
0.617071405,59.25605124,159.0992853,134.2308266,Loamy Soil,Coffee,Water Retaining Fertilizer
0.490722532,68.89999155,59.95739059,78.42135159,Acidic Soil,Coffee,Lime
0.444158954,57.74638824,56.99660451,71.16657682,Neutral Soil,Coffee,Compost
0.580837624,59.63245367,125.630703,149.5396515,Loamy Soil,Coffee,Water Retaining Fertilizer
0.972361206,64.23249273,177.3144812,131.4842596,Loamy Soil,Coffee,Compost
0.635080005,67.85393008,147.7558402,156.3112912,Loamy Soil,Coffee,Compost
0.470336845,60.00250771,82.72121934,95.37986427,Neutral Soil,Coffee,Water Retaining Fertilizer
0.618424645,65.82491836,145.5712534,133.9487466,Neutral Soil,Coffee,Compost
0.741392398,61.86914891,145.7949571,159.5640307,Loamy Soil,Coffee,Balanced NPK Fertilizer
0.536232735,59.29420305,102.8558973,105.3828345,Neutral Soil,Coffee,Compost
0.515682505,60.2299724,146.6662428,130.2772719,Neutral Soil,Coffee,Compost
0.598068027,63.93247063,58.78215532,62.85090082,Acidic Soil,Coffee,Compost
0.77745503,60.7489261,44.35947784,70.97590635,Peaty Soil,Coffee,DAP
0.650383373,64.03837201,157.9168029,159.5640307,Loamy Soil,Coffee,Water Retaining Fertilizer
0.407131731,61.51440387,90.69416501,130.503519,Neutral Soil,Coffee,Water Retaining Fertilizer
0.568001599,70.44605584,70.6365231,82.89793714,Acidic Soil,Coffee,Compost
0.614413172,65.19244249,53.8926301,62.57495741,Acidic Soil,Coffee,Water Retaining Fertilizer
0.227436131,65.59323244,36.81796185,80.58636796,Acidic Soil,Coffee,DAP
0.778584465,63.40941272,177.3144812,95.66504701,Loamy Soil,Coffee,Lime
0.673462848,59.83382896,48.61814026,59.3939418,Acidic Soil,Coffee,DAP
0.494454467,62.49101134,52.09275648,71.59189318,Acidic Soil,Coffee,Compost
0.410684827,69.66710476,125.8934604,146.0265723,Neutral Soil,Coffee,Compost
0.543464712,60.83502315,54.1402577,73.27558933,Acidic Soil,Coffee,Lime
0.528520425,65.96120435,67.61971173,69.51261504,Acidic Soil,Coffee,Water Retaining Fertilizer
0.602061076,57.90450665,100.0133247,120.4271448,Loamy Soil,Coffee,Compost
0.621832939,58.02586754,106.933328,134.2865987,Loamy Soil,Coffee,Water Retaining Fertilizer
0.484804858,59.42666552,126.9869658,96.30408938,Neutral Soil,Cotton,Compost
0.566437415,58.55802901,147.2900567,138.6051386,Loamy Soil,Cotton,Water Retaining Fertilizer
0.635596806,58.96747334,69.49707739,61.33567908,Peaty Soil,Cotton,Compost
0.761645583,35.52771842,158.4951739,106.2920985,Loamy Soil,Cotton,Urea
0.558607339,61.7836899,66.96342473,55.99816324,Acidic Soil,Cotton,Compost
0.622280412,56.41433023,95.5119887,70.73237466,Loamy Soil,Cotton,Compost
0.602780252,60.44119401,119.6737028,95.824921,Neutral Soil,Cotton,Water Retaining Fertilizer
0.6477899,55.53567822,61.47284916,55.98620896,Acidic Soil,Cotton,Water Retaining Fertilizer
0.55046274,55.51676641,65.6044902,49.7744187,Peaty Soil,Cotton,Muriate of Potash
0.795766169,59.34239069,45.81667279,48.40179044,Acidic Soil,Cotton,DAP
0.570855363,59.78366947,135.1305494,80.29219586,Neutral Soil,Cotton,Water Retaining Fertilizer
0.703395112,58.00559194,44.53565781,52.90065545,Acidic Soil,Cotton,DAP
0.600602564,58.5614043,51.31356118,46.9842594,Acidic Soil,Cotton,Muriate of Potash
0.533334192,57.33808821,57.5778368,53.84636125,Acidic Soil,Cotton,Water Retaining Fertilizer
0.560532194,60.51276331,54.46141481,55.19424931,Acidic Soil,Cotton,Lime
0.568096848,59.51420223,147.1101527,134.4647385,Neutral Soil,Cotton,Water Retaining Fertilizer
0.551676131,60.29159546,107.0869849,87.34871594,Neutral Soil,Cotton,Water Retaining Fertilizer
0.769584632,55.2133121,74.06660892,61.97388471,Peaty Soil,Cotton,Organic Fertilizer
0.388421495,59.88992673,75.26334674,70.41270151,Neutral Soil,Cotton,Water Retaining Fertilizer
0.712332737,59.53886237,103.1441626,159.5640307,Loamy Soil,Cotton,Balanced NPK Fertilizer
0.71995509,59.87291083,105.7310468,81.34879318,Loamy Soil,Cotton,Balanced NPK Fertilizer
0.581469096,59.95319476,101.7834326,67.78382694,Neutral Soil,Cotton,Compost
0.43438228,58.34102307,64.44439829,63.52057167,Acidic Soil,Cotton,Water Retaining Fertilizer
0.569562516,59.92915533,111.0312099,76.43944887,Neutral Soil,Cotton,Compost
0.703791205,59.21582745,60.51813035,51.85971438,Peaty Soil,Cotton,Gypsum
0.602039143,59.47066776,54.66602944,56.15481226,Acidic Soil,Cotton,Water Retaining Fertilizer
0.554466879,59.56290106,90.49615736,71.89817705,Neutral Soil,Cotton,Water Retaining Fertilizer
0.745099744,59.17934398,108.2928451,72.38664617,Loamy Soil,Cotton,Balanced NPK Fertilizer
0.682446582,60.36991277,56.46493219,53.07808791,Acidic Soil,Cotton,Lime
0.601545817,60.67494614,-37.64973873,-20.50910839,Loamy Soil,Cotton,DAP
0.713277968,57.90288718,43.93027876,159.5640307,Peaty Soil,Cotton,DAP
0.548443734,57.4308553,44.35617004,46.28358039,Acidic Soil,Cotton,DAP
0.633452124,59.91740773,143.7172703,95.640861,Loamy Soil,Cotton,Water Retaining Fertilizer
0.514567673,64.22158648,94.12480857,-20.50910839,Neutral Soil,Cotton,Muriate of Potash
0.67694261,58.33679459,81.98961407,64.06671664,Acidic Soil,Cotton,Water Retaining Fertilizer
0.666842804,62.40872204,153.2987087,112.4140321,Loamy Soil,Cotton,Water Retaining Fertilizer
0.735535639,59.04415212,101.6409267,73.07102093,Loamy Soil,Cotton,Balanced NPK Fertilizer
0.667515389,58.16846259,50.02047127,56.28140388,Acidic Soil,Cotton,Water Retaining Fertilizer
0.659395048,59.44684139,86.0036068,57.94131827,Acidic Soil,Cotton,Compost
0.45607608,57.21870674,58.80690798,54.98877394,Acidic Soil,Cotton,Water Retaining Fertilizer
0.755421555,57.65125091,177.3144812,132.6735476,Loamy Soil,Cotton,Compost
0.560829522,57.78307385,67.28503343,51.93669845,Peaty Soil,Cotton,Water Retaining Fertilizer
0.681048529,58.79029406,65.85688109,68.90642575,Loamy Soil,Cotton,Water Retaining Fertilizer
0.517665062,60.65032676,75.53298579,64.03351735,Peaty Soil,Cotton,Water Retaining Fertilizer
0.765498761,59.20911032,142.3550273,148.2330859,Loamy Soil,Cotton,Compost
0.504853054,57.71340708,137.7538463,92.32548357,Neutral Soil,Cotton,Water Retaining Fertilizer
0.744460186,59.43263207,144.6593555,112.6118311,Loamy Soil,Cotton,Balanced NPK Fertilizer
0.564622471,54.68349513,81.65718332,64.42466908,Neutral Soil,Cotton,Compost
0.4128188,55.83208958,138.9588035,113.3145894,Neutral Soil,Cotton,Water Retaining Fertilizer
0.694621642,58.59721947,63.33239998,65.52771355,Peaty Soil,Cotton,Water Retaining Fertilizer
0.770578423,58.84056078,52.52124636,48.90726373,Peaty Soil,Cotton,Muriate of Potash
0.685351021,62.74636159,105.2717262,159.5640307,Loamy Soil,Cotton,Water Retaining Fertilizer
0.972361206,55.20259843,67.5243998,59.97639242,Acidic Soil,Cotton,Compost
0.52518277,55.13118941,54.92833752,55.57436112,Acidic Soil,Cotton,Water Retaining Fertilizer
0.537325728,56.1195314,73.88144496,53.41727084,Acidic Soil,Cotton,Water Retaining Fertilizer
0.686245446,60.13684183,177.3144812,145.174789,Loamy Soil,Cotton,Gypsum
0.521500066,56.47280504,62.60737041,58.61023825,Alkaline Soil,Cotton,Gypsum
0.637483876,61.52915731,54.17407869,54.02073976,Acidic Soil,Cotton,Water Retaining Fertilizer
0.588251995,57.0419895,45.66434228,48.92568369,Acidic Soil,Cotton,DAP
0.750193702,55.23265405,130.809544,95.68343278,Loamy Soil,Cotton,Compost
0.394311191,57.96191342,85.4748021,57.97091102,Neutral Soil,Cotton,Compost
0.400254823,53.25872135,121.3652976,80.99586294,Neutral Soil,Cotton,Water Retaining Fertilizer
0.487699855,59.06178004,62.15852925,60.79769589,Peaty Soil,Cotton,Water Retaining Fertilizer
0.621885409,62.75547076,67.53152482,57.59655849,Acidic Soil,Cotton,Gypsum
0.666090335,58.59208814,137.9299511,122.6991153,Loamy Soil,Cotton,Water Retaining Fertilizer
0.6922019,60.75592017,73.20026998,73.59838801,Loamy Soil,Cotton,Water Retaining Fertilizer
0.777403495,56.6225435,60.21131497,54.66914618,Peaty Soil,Cotton,Organic Fertilizer
0.610493518,86.96971052,42.60793411,51.40658152,Peaty Soil,Cotton,DAP
0.227436131,56.8507992,72.41587249,49.8933826,Peaty Soil,Cotton,Muriate of Potash
0.400591333,57.35763347,51.98535896,45.96465595,Peaty Soil,Cotton,Muriate of Potash
0.496756066,54.38498439,70.6049975,62.77008966,Acidic Soil,Cotton,Water Retaining Fertilizer
0.645821486,55.53846808,41.8700173,43.33525621,Acidic Soil,Cotton,DAP
0.763639694,58.03548062,63.46087366,60.21584903,Peaty Soil,Cotton,Organic Fertilizer
0.795663814,59.67766564,56.81432837,54.97809736,Peaty Soil,Cotton,Organic Fertilizer
0.380493685,58.23377876,73.78266687,64.49540753,Peaty Soil,Cotton,Water Retaining Fertilizer
0.51360391,55.28261467,120.3379192,74.0528587,Neutral Soil,Cotton,Water Retaining Fertilizer
0.467478687,55.84110427,64.67679864,49.00779567,Acidic Soil,Cotton,Muriate of Potash
0.588180013,60.21180797,126.1801181,86.97381312,Neutral Soil,Cotton,Water Retaining Fertilizer
0.798207001,60.28085452,69.59689879,48.51678049,Acidic Soil,Cotton,Muriate of Potash
0.472302464,57.60832559,134.0764749,89.74243846,Neutral Soil,Cotton,Lime
0.583812908,59.28471196,142.8664635,147.4027424,Neutral Soil,Cotton,Compost
0.776698489,58.90201,-37.64973873,44.84104643,Alkaline Soil,Cotton,DAP
0.670330157,59.66459215,69.82728059,71.95776421,Loamy Soil,Cotton,Water Retaining Fertilizer
0.806210888,58.46082847,43.57664451,-20.50910839,Alkaline Soil,Cotton,DAP
0.452319332,59.13404719,54.19351411,50.06757579,Peaty Soil,Cotton,Gypsum
0.422999901,58.42772614,121.762944,85.87865406,Neutral Soil,Cotton,Water Retaining Fertilizer
0.431418948,59.21394228,115.4739603,69.56017566,Neutral Soil,Cotton,Water Retaining Fertilizer
0.227436131,56.6629775,48.70813286,63.08678561,Peaty Soil,Cotton,DAP
0.517805352,61.8990758,87.69906684,71.40210943,Neutral Soil,Cotton,Lime
0.450014156,57.31748681,85.19649864,55.14868679,Neutral Soil,Cotton,Compost
0.545012143,58.06089162,113.9817574,70.34663632,Neutral Soil,Cotton,Water Retaining Fertilizer
0.749218173,62.34970438,54.72895774,58.05472039,Alkaline Soil,Cotton,Compost
0.705669509,55.46028647,70.71476602,58.53680179,Acidic Soil,Cotton,Compost
0.750859956,57.42958237,78.14172171,50.13902176,Peaty Soil,Cotton,Organic Fertilizer
0.592573045,60.39307584,68.2985186,57.79919015,Acidic Soil,Cotton,Water Retaining Fertilizer
0.63679029,59.47775194,60.58913297,47.75823284,Acidic Soil,Cotton,Muriate of Potash
0.560812197,60.89281806,139.2091379,142.3291943,Neutral Soil,Cotton,Compost
0.427911866,57.85223571,73.10982868,45.72422916,Peaty Soil,Cotton,Muriate of Potash
0.227436131,56.08940844,75.93151348,65.64124364,Peaty Soil,Cotton,Water Retaining Fertilizer
0.800348436,59.62881717,112.630855,71.40020134,Loamy Soil,Cotton,Balanced NPK Fertilizer
0.611879198,59.63918038,46.87041053,58.43793519,Acidic Soil,Ground Nut,DAP
0.591006655,63.30670253,60.68147725,65.44698105,Acidic Soil,Ground Nut,Water Retaining Fertilizer
0.72890632,60.96005173,49.17964051,56.51558968,Peaty Soil,Ground Nut,DAP
0.650055468,57.47375254,40.6640295,48.04255237,Acidic Soil,Ground Nut,DAP
0.65085576,61.41937625,65.00764749,50.8385318,Acidic Soil,Ground Nut,Water Retaining Fertilizer
0.510970142,65.85139612,65.4564656,46.23462254,Acidic Soil,Ground Nut,Muriate of Potash
0.493007552,58.53019846,53.46707384,61.79436434,Acidic Soil,Ground Nut,Water Retaining Fertilizer
0.433562538,63.16949323,48.58577341,59.17752008,Acidic Soil,Ground Nut,DAP
0.424954343,61.53783703,51.34815534,58.26169997,Acidic Soil,Ground Nut,Water Retaining Fertilizer
0.656280786,64.85525431,42.07428451,54.7032466,Acidic Soil,Ground Nut,DAP
0.610766488,61.25356759,61.72751612,57.88759215,Acidic Soil,Ground Nut,Compost
0.50070454,63.25476231,61.05276882,60.05868111,Acidic Soil,Ground Nut,Compost
0.788934994,54.98311624,49.1825777,55.85954961,Peaty Soil,Ground Nut,DAP
0.678331095,57.59497678,48.61448475,57.82923538,Acidic Soil,Ground Nut,DAP
0.755500274,65.52561321,61.37613359,41.5124375,Peaty Soil,Ground Nut,Muriate of Potash
0.515674264,55.92667812,51.60946808,56.52656849,Acidic Soil,Ground Nut,Gypsum
0.757493604,61.76194701,57.79542658,60.80504925,Peaty Soil,Ground Nut,Lime
0.703311177,60.95478538,33.44558382,62.59104809,Peaty Soil,Ground Nut,DAP
0.76812532,63.18094332,31.8051688,54.08055496,Peaty Soil,Ground Nut,DAP
0.651868248,35.52771842,65.35259378,66.84195036,Acidic Soil,Ground Nut,Urea
0.549917032,67.33221455,65.67559563,71.1174655,Acidic Soil,Ground Nut,Compost
0.695126907,62.45077078,55.37713677,52.68420671,Acidic Soil,Ground Nut,Lime
0.77752151,86.96971052,38.67622352,57.32474513,Peaty Soil,Ground Nut,DAP
0.420444509,63.0631721,72.3622381,67.42162406,Acidic Soil,Ground Nut,Water Retaining Fertilizer
0.728251252,64.06486647,49.78273432,69.13577073,Peaty Soil,Ground Nut,DAP
0.429131114,57.16417836,56.79057106,49.30905711,Acidic Soil,Ground Nut,Muriate of Potash
0.433533129,61.29911901,63.37903983,75.23131591,Acidic Soil,Ground Nut,Compost
0.480238651,62.95865252,52.19302619,50.99143734,Acidic Soil,Ground Nut,Lime
0.447290007,64.32820347,61.13317032,66.45083568,Acidic Soil,Ground Nut,Water Retaining Fertilizer
0.972361206,63.04567979,47.95629476,51.37369526,Acidic Soil,Ground Nut,DAP
0.628928789,63.56385071,-37.64973873,66.00009185,Acidic Soil,Ground Nut,DAP
0.573048513,60.83142429,60.55654066,-20.50910839,Acidic Soil,Ground Nut,Muriate of Potash
0.607292146,60.42173809,45.5695695,52.45828515,Acidic Soil,Ground Nut,DAP
0.650101395,57.4822677,50.54662855,51.53098479,Acidic Soil,Ground Nut,Water Retaining Fertilizer
0.553967851,58.38305549,59.49028452,49.95888345,Acidic Soil,Ground Nut,Muriate of Potash
0.456718019,65.38615024,62.43420055,57.95199703,Acidic Soil,Ground Nut,Compost
0.408031245,58.36151794,71.03837449,66.34082496,Acidic Soil,Ground Nut,Compost
0.724098574,58.37114089,54.8114303,63.97295856,Peaty Soil,Ground Nut,Organic Fertilizer
0.381399731,61.71630752,61.81791279,61.0872891,Acidic Soil,Ground Nut,Compost
0.603841029,66.82058216,63.1356329,67.78469998,Acidic Soil,Ground Nut,Water Retaining Fertilizer
0.768127907,63.02683914,55.47381067,48.83003685,Peaty Soil,Ground Nut,Muriate of Potash
0.682279385,64.36812463,42.12591836,63.51789394,Acidic Soil,Ground Nut,DAP
0.402752339,56.88537489,38.84212182,38.33879785,Acidic Soil,Ground Nut,DAP
0.509281347,65.64616006,58.85002162,63.43618962,Acidic Soil,Ground Nut,Compost
0.780718988,59.19773568,44.49969275,-20.50910839,Peaty Soil,Ground Nut,DAP
0.511039269,64.9379362,76.02784533,65.83050408,Acidic Soil,Ground Nut,Water Retaining Fertilizer
0.400584444,57.13711096,61.35358968,58.67816801,Acidic Soil,Ground Nut,Water Retaining Fertilizer
0.557540332,66.42768234,61.81357708,66.37744564,Acidic Soil,Ground Nut,Lime
0.767024648,62.31310979,177.3144812,57.11839536,Peaty Soil,Ground Nut,Organic Fertilizer
0.747555701,61.73496454,73.43166896,52.65080815,Peaty Soil,Ground Nut,Organic Fertilizer
0.791339894,60.93292873,-37.64973873,55.40332042,Acidic Soil,Ground Nut,DAP
0.661351174,57.68311037,63.40833565,63.36848539,Acidic Soil,Ground Nut,Gypsum
0.972361206,59.93756989,-37.64973873,159.5640307,Acidic Soil,Ground Nut,DAP
0.668530463,62.7866559,79.92205846,62.39371071,Peaty Soil,Ground Nut,Water Retaining Fertilizer
0.612177056,62.41481702,47.73310663,50.73385455,Acidic Soil,Ground Nut,DAP
0.761377894,35.52771842,52.95278652,55.53320293,Acidic Soil,Ground Nut,Urea
0.522837049,61.08727149,48.63589872,49.14453368,Acidic Soil,Ground Nut,DAP
0.397639537,64.57906563,49.00872847,66.66431188,Acidic Soil,Ground Nut,DAP
0.473347309,56.94254463,-37.64973873,42.93902343,Acidic Soil,Ground Nut,DAP
0.227436131,65.37149209,61.77974225,59.42725103,Acidic Soil,Ground Nut,Compost
0.582018256,63.21690039,58.84839396,84.83929666,Acidic Soil,Ground Nut,Water Retaining Fertilizer
0.47714962,63.43757324,51.90039243,70.09358138,Acidic Soil,Ground Nut,Water Retaining Fertilizer
0.699515756,60.9776837,-37.64973873,58.75610408,Acidic Soil,Ground Nut,DAP
0.571320314,64.28933468,70.86136803,59.95451421,Acidic Soil,Ground Nut,Water Retaining Fertilizer
0.662538186,60.74701107,65.97938976,49.43271384,Peaty Soil,Ground Nut,Muriate of Potash
0.646441785,61.51195613,69.76014159,72.81677474,Acidic Soil,Ground Nut,Water Retaining Fertilizer
0.744065833,60.18180375,60.43136199,51.71166401,Acidic Soil,Ground Nut,Compost
0.61056211,62.29888651,44.94820734,68.23879121,Acidic Soil,Ground Nut,DAP
0.634518286,61.28500678,55.89685713,62.24424942,Acidic Soil,Ground Nut,Compost
0.500595841,66.37946008,27.83148538,53.97982777,Acidic Soil,Ground Nut,DAP
0.434174065,58.73599664,45.91780221,61.79655763,Acidic Soil,Ground Nut,DAP
0.512472543,59.52858074,59.3801441,57.68483863,Acidic Soil,Ground Nut,Compost
0.227436131,66.54414957,59.83416258,70.76121117,Acidic Soil,Ground Nut,Water Retaining Fertilizer
0.365851102,65.24128944,63.99733447,65.07985972,Acidic Soil,Ground Nut,Water Retaining Fertilizer
0.664580568,86.96971052,48.90287699,57.5297149,Acidic Soil,Ground Nut,DAP
0.76861323,69.32102199,74.35576463,67.33531552,Peaty Soil,Ground Nut,Organic Fertilizer
0.689254918,59.83815526,63.01179154,66.50101337,Acidic Soil,Ground Nut,Compost
0.537413847,35.52771842,56.87028356,66.88081564,Acidic Soil,Ground Nut,Urea
0.76595086,35.52771842,48.93545337,55.94242576,Peaty Soil,Ground Nut,Urea
0.75066091,60.89719912,61.14829464,61.25530933,Peaty Soil,Ground Nut,Lime
0.706050576,65.68240821,54.11436036,72.56379002,Acidic Soil,Ground Nut,Compost
0.49329371,57.74661824,57.23706575,55.5587629,Acidic Soil,Ground Nut,Compost
0.503137176,59.49057179,49.73509529,48.35485813,Acidic Soil,Ground Nut,DAP
0.797578528,64.07709294,57.16253677,80.44420535,Peaty Soil,Ground Nut,Organic Fertilizer
0.792853638,63.4509118,40.77668654,55.19082037,Peaty Soil,Ground Nut,DAP
0.69354003,56.44651673,54.86531269,57.3118129,Acidic Soil,Ground Nut,Lime
0.492586299,58.64518639,60.69660893,65.03884134,Acidic Soil,Ground Nut,Lime
0.447842891,65.86323962,59.15590434,56.31657466,Acidic Soil,Ground Nut,Compost
0.52917069,65.29082093,62.89653584,60.59458183,Acidic Soil,Ground Nut,Water Retaining Fertilizer
0.646977998,57.86584306,64.23682261,-20.50910839,Acidic Soil,Ground Nut,Muriate of Potash
0.675585728,65.70222761,64.59535702,59.53059253,Acidic Soil,Ground Nut,Water Retaining Fertilizer
0.425078648,62.84062136,52.17125202,52.67114355,Acidic Soil,Ground Nut,Compost
0.481476632,60.63487185,60.90027385,57.4315396,Acidic Soil,Ground Nut,Water Retaining Fertilizer
0.617652248,65.61225828,51.249969,64.36719853,Acidic Soil,Ground Nut,Water Retaining Fertilizer
0.651326584,58.30423664,66.06721776,52.03426992,Acidic Soil,Ground Nut,Water Retaining Fertilizer
0.653655322,57.56853854,47.50400895,56.17749032,Acidic Soil,Ground Nut,DAP
0.674730389,59.6013862,60.64683246,45.86614809,Acidic Soil,Ground Nut,Muriate of Potash
0.758183848,58.99795303,55.75675369,49.15721936,Peaty Soil,Ground Nut,Muriate of Potash
0.474242396,59.91092105,54.92840907,62.38150385,Acidic Soil,Ground Nut,Water Retaining Fertilizer
0.590116875,66.60457293,48.04349281,60.49070442,Acidic Soil,Ground Nut,DAP
0.63623214,50.2310487,37.45052895,51.49771497,Acidic Soil,Peas,DAP
0.608519138,52.21886917,32.96491743,49.45499533,Acidic Soil,Peas,DAP
0.688986069,51.40906941,50.85666606,56.862247,Loamy Soil,Peas,Water Retaining Fertilizer
0.807999625,47.9046584,22.55157513,52.64828692,Peaty Soil,Peas,Urea
0.584734396,53.47273497,64.46483792,77.210166,Loamy Soil,Peas,Water Retaining Fertilizer
0.770527442,51.3132971,30.93205164,40.10261113,Peaty Soil,Peas,DAP
0.492131433,53.50050641,39.64644599,50.2021499,Acidic Soil,Peas,DAP
0.972361206,50.61272817,25.2120363,44.4134779,Acidic Soil,Peas,DAP
0.527883764,49.25402849,40.4882776,60.84255441,Neutral Soil,Peas,Urea
0.392044779,51.29737902,34.2165791,54.74975953,Acidic Soil,Peas,DAP
0.420077687,52.90308909,-37.64973873,144.9131293,Neutral Soil,Peas,DAP
0.747344823,35.52771842,41.89290237,49.36413945,Loamy Soil,Peas,Urea
0.772049901,35.52771842,148.6346184,-20.50910839,Loamy Soil,Peas,Urea
0.442309206,49.03246295,34.43176013,51.90313799,Acidic Soil,Peas,Urea
0.457291727,52.73819251,42.25293593,52.56910836,Acidic Soil,Peas,DAP
0.543238709,49.55557527,32.2099728,48.29609415,Acidic Soil,Peas,Urea
0.815088284,49.46791581,29.92496467,49.14445349,Peaty Soil,Peas,Urea
0.532939507,51.93318346,43.17506048,52.14496457,Acidic Soil,Peas,DAP
0.646297419,49.00608098,39.65029588,40.70095369,Acidic Soil,Peas,Urea
0.627731375,51.9811598,70.66604801,116.7101112,Loamy Soil,Peas,Water Retaining Fertilizer
0.647567665,52.80830991,71.50104502,112.3445447,Loamy Soil,Peas,Water Retaining Fertilizer
0.704207958,51.3763159,131.9593396,126.308197,Loamy Soil,Peas,Balanced NPK Fertilizer
0.657302827,50.93312784,49.35879391,71.32802565,Loamy Soil,Peas,DAP
0.770790015,55.26598487,39.92600232,45.50064626,Peaty Soil,Peas,DAP
0.574515137,53.82324936,55.03982458,51.44251809,Acidic Soil,Peas,Water Retaining Fertilizer
0.54925062,52.86504823,27.87027757,48.35564209,Acidic Soil,Peas,DAP
0.409135662,53.04134682,43.20653137,50.5363117,Neutral Soil,Peas,DAP
0.680731329,51.90112151,33.44969607,43.59887475,Acidic Soil,Peas,DAP
0.755609865,86.96971052,32.11521785,45.02399793,Peaty Soil,Peas,DAP
0.540814978,50.81253468,64.965801,92.43016735,Neutral Soil,Peas,Water Retaining Fertilizer
0.832209437,51.68859355,51.17021436,61.38290635,Peaty Soil,Peas,Organic Fertilizer
0.58586246,49.82440027,134.283245,145.0536576,Loamy Soil,Peas,Urea
0.570647897,50.5447064,39.59329524,61.44804648,Loamy Soil,Peas,DAP
0.471309018,46.89702173,-37.64973873,57.28324427,Acidic Soil,Peas,Urea
0.446396067,52.0539784,24.81162873,58.28921815,Neutral Soil,Peas,DAP
0.730599955,50.06385953,177.3144812,46.08816205,Acidic Soil,Peas,Muriate of Potash
0.656147976,50.83956865,66.18170591,80.44179064,Loamy Soil,Peas,Water Retaining Fertilizer
0.4627201,47.44498996,32.57478753,-20.50910839,Acidic Soil,Peas,Urea
0.468371484,52.6439655,24.44141753,48.77555339,Acidic Soil,Peas,DAP
0.750031944,48.31592815,37.94849348,54.90906738,Peaty Soil,Peas,Urea
0.618080332,51.1833809,57.06895649,103.2804009,Neutral Soil,Peas,Water Retaining Fertilizer
0.820230149,51.18070357,21.27191276,159.5640307,Peaty Soil,Peas,DAP
0.685107801,51.12268612,131.3418829,136.0108464,Loamy Soil,Peas,Water Retaining Fertilizer
0.65510915,50.1145083,29.19729868,49.26814621,Acidic Soil,Peas,DAP
0.718639208,50.78344789,37.20100959,58.46948525,Loamy Soil,Peas,DAP
0.492338306,52.99931745,39.11697846,43.82205171,Acidic Soil,Peas,DAP
0.779679948,50.45017734,41.07281574,45.69362538,Peaty Soil,Peas,DAP
0.610520219,51.02965093,32.56860873,45.03878126,Acidic Soil,Peas,DAP
0.732089583,51.41074157,30.74083689,47.61989654,Peaty Soil,Peas,DAP
0.727498813,52.92570997,39.76009281,70.59884328,Loamy Soil,Peas,DAP
0.73008646,51.47898652,27.69480733,43.11425769,Acidic Soil,Peas,DAP
0.543062055,53.16068455,38.78173127,56.6466865,Acidic Soil,Peas,DAP
0.408234043,51.32912798,-37.64973873,159.5640307,Acidic Soil,Peas,DAP
0.524518241,50.50017293,-37.64973873,44.34592881,Acidic Soil,Peas,DAP
0.700041549,48.27887715,41.83579697,72.44974781,Loamy Soil,Peas,Urea
0.53997405,51.65758738,37.39259032,49.28025167,Acidic Soil,Peas,DAP
0.560428164,50.85386856,-37.64973873,46.24493732,Acidic Soil,Peas,DAP
0.815210139,51.0278705,31.23498681,41.02000566,Peaty Soil,Peas,DAP
0.598732609,50.18898068,43.86317037,65.34463995,Acidic Soil,Peas,DAP
0.754201979,50.19147385,39.89716636,54.63147626,Loamy Soil,Peas,DAP
0.227436131,48.63849752,58.4214392,68.48586413,Neutral Soil,Peas,Urea
0.452172501,50.28313965,25.19990413,42.80652814,Acidic Soil,Peas,DAP
0.491432033,52.01018375,31.26932982,48.0649389,Acidic Soil,Peas,DAP
0.72795891,50.45734303,39.80343107,54.43432191,Peaty Soil,Peas,DAP
0.606802828,52.40385644,63.93132967,159.5640307,Loamy Soil,Peas,Water Retaining Fertilizer
0.671766822,53.06316306,133.8488042,138.4961353,Loamy Soil,Peas,Water Retaining Fertilizer
0.701794262,51.29448507,39.01119848,57.32043729,Loamy Soil,Peas,DAP
0.465263505,54.54713223,30.71404022,59.4805181,Acidic Soil,Peas,DAP
0.356544029,49.40893431,177.3144812,54.96875593,Acidic Soil,Peas,Urea
0.559356453,47.28728679,25.60139331,33.74810981,Acidic Soil,Peas,Urea
0.734280766,50.70123933,139.8785583,143.3673319,Loamy Soil,Peas,Balanced NPK Fertilizer
0.653507893,50.71151776,34.88740093,45.29224444,Acidic Soil,Peas,DAP
0.390557055,48.83923514,52.8520592,62.46572844,Neutral Soil,Peas,Urea
0.702540307,47.29027465,30.16581354,46.03111678,Acidic Soil,Peas,Urea
0.676634652,48.41614044,24.31149621,54.83364663,Loamy Soil,Peas,Urea
0.744167969,49.62348182,36.2072145,51.35088164,Peaty Soil,Peas,Urea
0.427007243,49.22072583,42.25221923,50.76844779,Neutral Soil,Peas,Urea
0.442467723,48.20156272,49.19093016,72.94586083,Neutral Soil,Peas,Urea
0.802423658,48.05848666,52.25547243,58.00220823,Loamy Soil,Peas,Urea
0.750158549,54.60838282,136.4880996,147.4446261,Loamy Soil,Peas,Balanced NPK Fertilizer
0.813035805,47.91203227,33.9929181,60.43632102,Loamy Soil,Peas,Urea
0.374164963,51.63393089,29.15968708,41.46612776,Acidic Soil,Peas,DAP
0.432095037,51.77652216,41.36251243,46.57549996,Acidic Soil,Peas,DAP
0.694843164,51.26189804,177.3144812,47.61640076,Loamy Soil,Peas,Muriate of Potash
0.706181573,50.27055561,34.31208253,60.56839836,Acidic Soil,Peas,DAP
0.453698091,50.48794999,54.1284008,68.39899479,Neutral Soil,Peas,Lime
0.437148799,50.08801315,47.06887885,74.83128206,Neutral Soil,Peas,DAP
0.488347776,49.46492514,129.1625248,137.0539015,Neutral Soil,Peas,Urea
0.502540562,50.42566312,33.98860406,61.6640181,Acidic Soil,Peas,DAP
0.448824986,48.407662,31.52461741,36.32155385,Acidic Soil,Peas,Urea
0.775333727,50.77777064,34.79148374,37.98798236,Peaty Soil,Peas,DAP
0.972361206,49.37491815,30.72203729,53.26945237,Acidic Soil,Peas,Urea
0.609161298,86.96971052,36.04341552,61.18524081,Loamy Soil,Peas,DAP
0.518981421,53.81456378,31.05271711,48.03104702,Acidic Soil,Peas,DAP
0.560880113,86.96971052,34.97887141,41.17733659,Acidic Soil,Peas,DAP
0.501931315,51.07692958,36.69263235,48.53870651,Acidic Soil,Peas,DAP
0.429727364,46.20515134,40.74736602,48.48342288,Acidic Soil,Peas,Urea
0.721578211,50.56506351,32.10410264,42.48500209,Acidic Soil,Peas,DAP
0.347073448,50.42907199,31.74341681,53.60066171,Acidic Soil,Peas,DAP
0.787992155,53.35958669,25.08714123,46.24703186,Acidic Soil,Peas,DAP
0.629788289,91.0376408,43.61793591,56.75908844,Acidic Soil,Rubber,DAP
0.792463494,74.4017201,30.29786725,58.49540264,Peaty Soil,Rubber,DAP
0.595319234,85.6608306,34.51795836,83.36896112,Acidic Soil,Rubber,DAP
0.478141166,75.10435274,35.49728693,72.61999186,Acidic Soil,Rubber,DAP
0.646531169,81.34109546,37.44828616,66.40718991,Acidic Soil,Rubber,DAP
0.972361206,86.96971052,41.23073576,65.55967193,Acidic Soil,Rubber,DAP
0.431382149,90.10392284,39.22716101,48.63477432,Acidic Soil,Rubber,DAP
0.502644036,83.87299516,44.77998133,52.60250592,Acidic Soil,Rubber,DAP
0.663909058,95.74108909,35.89827607,80.56643904,Acidic Soil,Rubber,DAP
0.499245812,75.65040106,34.04849692,73.295939,Acidic Soil,Rubber,DAP
0.972361206,82.89480585,55.27341658,59.02506447,Acidic Soil,Rubber,Lime
0.422993062,82.88870527,39.38260159,46.76845895,Acidic Soil,Rubber,DAP
0.972361206,91.34908179,48.01827966,83.49724465,Acidic Soil,Rubber,DAP
0.753631151,77.75132974,49.06115991,64.55999457,Acidic Soil,Rubber,DAP
0.687368772,73.93882487,33.72757385,63.23635392,Acidic Soil,Rubber,DAP
0.693786922,74.51979053,31.98155436,73.65599013,Acidic Soil,Rubber,DAP
0.715145084,70.96823601,51.20225802,62.01979204,Peaty Soil,Rubber,Lime
0.562499258,83.66777436,33.11600801,66.90477291,Acidic Soil,Rubber,DAP
0.972361206,96.27803009,44.19461583,75.91297509,Acidic Soil,Rubber,DAP
0.513717074,69.5493669,48.82806025,54.33206885,Acidic Soil,Rubber,DAP
0.641250984,86.07842449,57.42108085,70.60566446,Acidic Soil,Rubber,Lime
0.76211535,98.58103894,36.40004777,73.1351315,Peaty Soil,Rubber,DAP
0.671633925,80.84089747,40.32038861,159.5640307,Acidic Soil,Rubber,DAP
0.730566179,96.40237742,54.37149495,76.76044654,Peaty Soil,Rubber,Lime
0.227436131,81.17268955,46.86441534,-20.50910839,Peaty Soil,Rubber,DAP
0.451873726,75.50123249,39.34020342,69.68157121,Acidic Soil,Rubber,DAP
0.451411063,84.55224796,42.14111001,72.02081576,Acidic Soil,Rubber,DAP
0.469944885,80.95295641,37.34907201,47.93265461,Acidic Soil,Rubber,DAP
0.812727669,87.64870096,38.88742407,71.87421769,Peaty Soil,Rubber,DAP
0.667224811,86.21438867,51.77781707,65.55642661,Acidic Soil,Rubber,Lime
0.502900279,95.76482127,37.53380385,76.85363995,Acidic Soil,Rubber,DAP
0.972361206,68.56168842,45.71556594,74.08918054,Peaty Soil,Rubber,DAP
0.717443729,77.75264154,43.56691889,159.5640307,Peaty Soil,Rubber,DAP
0.469167914,72.79450381,54.24999616,60.94756147,Acidic Soil,Rubber,Lime
0.517014499,94.48072578,54.26203283,70.66260861,Acidic Soil,Rubber,Compost
0.661473255,79.08791148,42.93312402,59.2448747,Acidic Soil,Rubber,DAP
0.727010467,87.23011016,34.56759019,66.86049304,Peaty Soil,Rubber,DAP
0.625601625,70.31094399,34.69465747,60.67157147,Acidic Soil,Rubber,DAP
0.419231039,75.63576685,36.13069713,-20.50910839,Acidic Soil,Rubber,DAP
0.439671567,95.36917337,51.20994189,66.9446607,Acidic Soil,Rubber,Lime
0.41168957,75.10895333,41.86546133,55.7826908,Acidic Soil,Rubber,DAP
0.718159732,69.93610394,50.43050196,46.55749303,Peaty Soil,Rubber,Muriate of Potash
0.690811227,79.78132923,36.52233165,55.44687398,Peaty Soil,Rubber,DAP
0.72541315,76.3385189,34.41555837,52.9973241,Peaty Soil,Rubber,DAP
0.831180244,93.12992723,39.6204506,76.04363973,Peaty Soil,Rubber,DAP
0.732461458,78.59007593,38.73120262,60.89932276,Acidic Soil,Rubber,DAP
0.667632442,86.96971052,35.48211833,62.7352126,Acidic Soil,Rubber,DAP
0.602094462,81.49549023,31.49144682,159.5640307,Acidic Soil,Rubber,DAP
0.569344048,35.52771842,40.07756243,54.58213732,Acidic Soil,Rubber,Urea
0.519991232,78.96991876,46.66311721,65.66440072,Acidic Soil,Rubber,DAP
0.538945505,75.02258087,41.56001833,67.70531565,Acidic Soil,Rubber,DAP
0.454692982,72.20106744,50.97205141,71.67743869,Acidic Soil,Rubber,Lime
0.972361206,76.19826658,35.53465773,53.65361336,Acidic Soil,Rubber,DAP
0.972361206,80.63627711,31.40814432,62.14376708,Peaty Soil,Rubber,DAP
0.814850439,89.80638769,34.34968872,59.93696236,Peaty Soil,Rubber,DAP
0.608739918,83.72664544,40.19262995,72.04996812,Acidic Soil,Rubber,DAP
0.743862231,67.22199592,31.03012814,51.68953715,Peaty Soil,Rubber,DAP
0.529992979,76.52899153,41.41830045,49.81542616,Acidic Soil,Rubber,DAP
0.625342802,84.76987243,48.69193029,85.17878864,Acidic Soil,Rubber,DAP
0.563976672,72.12772861,34.94512142,63.19432733,Acidic Soil,Rubber,DAP
0.711661124,90.70350694,38.09690383,69.83746049,Peaty Soil,Rubber,DAP
0.393426631,77.71790094,48.79611203,65.73474825,Acidic Soil,Rubber,DAP
0.698054587,77.26996694,44.88391144,70.21690055,Acidic Soil,Rubber,DAP
0.554807947,85.80236812,40.29798127,66.29751489,Acidic Soil,Rubber,DAP
0.622612233,72.64632951,28.52248712,58.56841339,Acidic Soil,Rubber,DAP
0.972361206,68.79527833,40.58896412,60.43817685,Acidic Soil,Rubber,DAP
0.467255567,67.96618653,42.44239135,67.43437838,Acidic Soil,Rubber,DAP
0.639599764,35.52771842,47.6733052,66.13617663,Acidic Soil,Rubber,Urea
0.603235034,93.61854505,43.55706015,71.3323518,Acidic Soil,Rubber,DAP
0.747351015,96.27970425,52.06311369,79.57657662,Acidic Soil,Rubber,Lime
0.461029994,78.79483177,42.97336745,73.67719928,Acidic Soil,Rubber,DAP
0.759910693,73.53155949,48.60656121,62.33839662,Peaty Soil,Rubber,DAP
0.475817021,78.33386761,33.99391762,61.08860079,Acidic Soil,Rubber,DAP
0.483822704,72.78554212,54.67650778,55.7088584,Acidic Soil,Rubber,Lime
0.421416181,95.84343226,23.34164106,60.43457804,Acidic Soil,Rubber,DAP
0.438723421,78.69767593,43.00582625,65.2590467,Acidic Soil,Rubber,DAP
0.501925473,81.3756787,49.25017075,64.52467816,Acidic Soil,Rubber,DAP
0.511263199,73.2956781,58.36215259,58.82988259,Acidic Soil,Rubber,Water Retaining Fertilizer
0.518508058,72.8326295,44.32502954,66.01842528,Acidic Soil,Rubber,DAP
0.643857982,85.08769858,37.60819326,68.305782,Acidic Soil,Rubber,DAP
0.572465147,72.10300742,45.64148437,47.2782345,Acidic Soil,Rubber,DAP
0.470710379,76.19114611,46.76837333,66.79575294,Acidic Soil,Rubber,DAP
0.740327768,97.85455945,47.33709357,77.34618174,Peaty Soil,Rubber,DAP
0.656627498,83.1167501,39.78723682,67.01752345,Acidic Soil,Rubber,DAP
0.472570264,95.94856704,55.20442743,66.11228931,Acidic Soil,Rubber,Lime
0.450683273,74.71304134,42.85848554,56.00651544,Acidic Soil,Rubber,DAP
0.592259749,67.62561929,55.0487462,48.75246205,Acidic Soil,Rubber,Muriate of Potash
0.605998985,89.96730292,42.37239327,73.50311272,Acidic Soil,Rubber,DAP
0.431467725,90.38786907,41.44367547,82.92695395,Acidic Soil,Rubber,DAP
0.398755975,67.6090078,40.55266416,57.81533818,Acidic Soil,Rubber,DAP
0.513598813,84.47057895,34.85144734,63.70977867,Acidic Soil,Rubber,DAP
0.480174521,87.10113128,47.51865897,62.83128355,Acidic Soil,Rubber,DAP
0.605473132,73.30378882,47.11136797,70.60104084,Acidic Soil,Rubber,DAP
0.507284958,83.30929059,50.73556144,76.83405616,Acidic Soil,Rubber,Lime
0.767538844,76.3958513,43.09436697,159.5640307,Peaty Soil,Rubber,DAP
0.5356012,74.82762731,38.14053728,67.32246543,Acidic Soil,Rubber,DAP
0.500529262,83.17336828,34.9618931,62.99384439,Acidic Soil,Rubber,DAP
0.47649487,81.99315428,-37.64973873,81.91049974,Acidic Soil,Rubber,DAP
0.589267084,84.91500239,41.27370582,70.08823909,Acidic Soil,Rubber,DAP
0.664085852,95.29304837,35.90970723,67.50094894,Acidic Soil,Rubber,DAP
0.802565668,74.02516862,46.40490564,58.90331516,Peaty Soil,Sugarcane,DAP
0.71484465,70.03976671,177.3144812,142.0575186,Loamy Soil,Sugarcane,Compost
0.700454902,67.23764188,72.05298261,66.130032,Peaty Soil,Sugarcane,Organic Fertilizer
0.514486,69.1045902,75.55718908,70.33414346,Alkaline Soil,Sugarcane,Compost
0.769529082,65.07964793,42.20678066,53.2512144,Peaty Soil,Sugarcane,DAP
0.790794608,66.72645921,55.1347101,57.78578454,Peaty Soil,Sugarcane,Lime
0.227436131,67.91967038,45.9559536,50.9839333,Acidic Soil,Sugarcane,DAP
0.738542765,67.47682801,50.76111308,159.5640307,Peaty Soil,Sugarcane,Gypsum
0.75753597,64.73529517,73.93802745,77.61893733,Loamy Soil,Sugarcane,Balanced NPK Fertilizer
0.745680698,65.5221769,66.2995124,63.76006418,Peaty Soil,Sugarcane,Organic Fertilizer
0.548624888,69.00562199,52.68515107,73.93526757,Peaty Soil,Sugarcane,Water Retaining Fertilizer
0.586588467,70.19754181,68.57274959,159.5640307,Peaty Soil,Sugarcane,Water Retaining Fertilizer
0.536042985,69.34560969,93.00703532,88.65220536,Neutral Soil,Sugarcane,Compost
0.551775869,68.83758706,52.90707064,57.01743503,Peaty Soil,Sugarcane,Gypsum
0.610036969,71.10799176,38.63515177,55.77603732,Acidic Soil,Sugarcane,DAP
0.416498963,70.39250953,-37.64973873,144.7391705,Neutral Soil,Sugarcane,DAP
0.456139964,65.75197053,44.61626341,44.20953992,Alkaline Soil,Sugarcane,DAP
0.711314447,64.8040757,145.8714501,148.4333223,Loamy Soil,Sugarcane,Compost
0.546830476,65.81372233,60.69240809,59.93131333,Acidic Soil,Sugarcane,Lime
0.624762587,86.96971052,41.5513117,48.43682669,Acidic Soil,Sugarcane,DAP
0.714314804,64.53127685,177.3144812,50.6785688,Alkaline Soil,Sugarcane,Compost
0.463209964,69.20350207,84.84335045,89.77145067,Acidic Soil,Sugarcane,Water Retaining Fertilizer
0.436222042,74.3017517,56.46530899,62.34393261,Acidic Soil,Sugarcane,Lime
0.539632769,63.58312019,47.18532293,50.37556021,Peaty Soil,Sugarcane,DAP
0.606740612,64.5816921,61.81545775,65.25792902,Acidic Soil,Sugarcane,Water Retaining Fertilizer
0.622132495,68.0408642,54.23288897,64.16154511,Peaty Soil,Sugarcane,Gypsum
0.535904906,64.87950974,76.80514977,66.7760022,Alkaline Soil,Sugarcane,Compost
0.660092729,63.92639622,51.39538973,56.14967651,Peaty Soil,Sugarcane,Gypsum
0.611440315,68.91234306,49.02143004,64.36405611,Peaty Soil,Sugarcane,DAP
0.691203722,73.35447957,50.39883728,47.87361263,Peaty Soil,Sugarcane,Muriate of Potash
0.765203901,66.68096128,177.3144812,135.9413982,Loamy Soil,Sugarcane,Balanced NPK Fertilizer
0.495010016,64.71240681,38.6364113,54.18147385,Acidic Soil,Sugarcane,DAP
0.780358838,68.46121258,177.3144812,74.09310546,Peaty Soil,Sugarcane,Organic Fertilizer
0.414255777,67.81545034,61.0015046,70.83919545,Peaty Soil,Sugarcane,Water Retaining Fertilizer
0.713283305,64.6714769,51.72274115,56.9018376,Peaty Soil,Sugarcane,Gypsum
0.678459095,71.78831361,128.7440233,116.4133584,Loamy Soil,Sugarcane,Water Retaining Fertilizer
0.699136052,65.41536772,52.92729163,53.15550873,Peaty Soil,Sugarcane,Lime
0.428494059,63.75308906,62.54922044,49.14855176,Acidic Soil,Sugarcane,Muriate of Potash
0.785152211,66.68605031,147.7432461,148.0887125,Loamy Soil,Sugarcane,Compost
0.720298554,72.75171395,135.7383447,148.2304839,Loamy Soil,Sugarcane,Balanced NPK Fertilizer
0.653089298,65.49860172,54.17882698,63.88014266,Acidic Soil,Sugarcane,Compost
0.680769649,67.56412073,145.8004642,137.662857,Loamy Soil,Sugarcane,Water Retaining Fertilizer
0.772955207,60.48561677,115.6110592,76.67472427,Loamy Soil,Sugarcane,Balanced NPK Fertilizer
0.678820854,63.89349789,75.18783453,56.28325978,Acidic Soil,Sugarcane,Compost
0.41928444,69.77898973,53.9742005,67.58025817,Peaty Soil,Sugarcane,Compost
0.707966109,66.51783221,52.9107608,52.96603215,Peaty Soil,Sugarcane,Gypsum
0.51876502,61.9340703,60.72614614,65.64659423,Acidic Soil,Sugarcane,Water Retaining Fertilizer
0.484191865,65.05373554,71.64919083,66.21748771,Acidic Soil,Sugarcane,Compost
0.760699607,72.26459985,72.21331742,76.54540614,Peaty Soil,Sugarcane,Organic Fertilizer
0.673101211,63.12903944,76.96428622,67.94783672,Peaty Soil,Sugarcane,Water Retaining Fertilizer
0.584586194,67.57020167,63.26632777,62.34334192,Peaty Soil,Sugarcane,Compost
0.458893744,73.43336675,45.39256195,63.48702769,Acidic Soil,Sugarcane,DAP
0.598305531,62.37145945,46.18679947,46.29520878,Peaty Soil,Sugarcane,DAP
0.565664544,65.05057508,48.09805641,54.2051272,Peaty Soil,Sugarcane,DAP
0.419686988,86.96971052,91.28736851,81.73931481,Neutral Soil,Sugarcane,Water Retaining Fertilizer
0.627651634,71.07648876,63.77934984,72.63475459,Acidic Soil,Sugarcane,Lime
0.972361206,66.31630708,27.19402778,59.10385212,Acidic Soil,Sugarcane,DAP
0.414268734,69.48218666,44.37170549,58.35111258,Acidic Soil,Sugarcane,DAP
0.549904725,63.20258402,142.9753886,139.977605,Neutral Soil,Sugarcane,Compost
0.618946016,65.03337588,47.44633724,48.00671281,Acidic Soil,Sugarcane,DAP
0.686116755,63.22145699,151.146094,140.20437,Loamy Soil,Sugarcane,Compost
0.670350685,67.02975564,39.86196585,46.27024904,Acidic Soil,Sugarcane,DAP
0.689258421,61.61593387,51.03342212,49.52909731,Acidic Soil,Sugarcane,Muriate of Potash
0.654294955,67.82918249,41.10173738,63.25455722,Peaty Soil,Sugarcane,DAP
0.547328045,64.13363127,54.41853869,57.41028624,Alkaline Soil,Sugarcane,Gypsum
0.527883755,68.16031486,36.47414849,-20.50910839,Acidic Soil,Sugarcane,DAP
0.535837262,68.93681949,50.40760778,63.77013205,Acidic Soil,Sugarcane,Lime
0.623903893,66.78221446,57.69463095,51.7336907,Alkaline Soil,Sugarcane,Gypsum
0.227436131,60.02884502,49.24706781,54.73588883,Peaty Soil,Sugarcane,DAP
0.451308844,70.05490094,68.4926135,58.94238249,Peaty Soil,Sugarcane,Gypsum
0.597635115,64.15353575,51.87600319,58.05290844,Peaty Soil,Sugarcane,Gypsum
0.439688024,68.74167813,43.2931253,51.18882388,Acidic Soil,Sugarcane,DAP
0.528517842,67.29825924,52.42558428,59.03592978,Alkaline Soil,Sugarcane,Gypsum
0.630395812,67.75449615,109.688803,105.4005036,Loamy Soil,Sugarcane,Water Retaining Fertilizer
0.59333246,63.98777601,81.17806959,61.75072282,Acidic Soil,Sugarcane,Water Retaining Fertilizer
0.637019213,64.68425332,151.3240274,134.8575504,Loamy Soil,Sugarcane,Compost
0.773728264,72.54361491,48.53169275,50.45222441,Peaty Soil,Sugarcane,DAP
0.725729785,65.99730039,-37.64973873,131.4544574,Loamy Soil,Sugarcane,DAP
0.36660798,69.75762205,61.75600547,58.663575,Acidic Soil,Sugarcane,Water Retaining Fertilizer
0.736776788,65.66273964,61.67341707,55.32561353,Peaty Soil,Sugarcane,Organic Fertilizer
0.515342968,71.53821526,46.36881605,54.62526231,Peaty Soil,Sugarcane,DAP
0.611988068,62.01720299,47.09108641,55.07119913,Peaty Soil,Sugarcane,DAP
0.605557233,69.74834673,83.00163695,89.05034762,Neutral Soil,Sugarcane,Water Retaining Fertilizer
0.770109499,65.63690496,73.49850389,78.7079389,Loamy Soil,Sugarcane,Balanced NPK Fertilizer
0.616831875,68.05468939,140.6123308,146.9479476,Loamy Soil,Sugarcane,Water Retaining Fertilizer
0.710659183,67.29655977,117.5195623,118.2674552,Loamy Soil,Sugarcane,Lime
0.519776932,72.05108994,60.59926446,61.2885073,Acidic Soil,Sugarcane,Water Retaining Fertilizer
0.630143152,67.91905934,58.84746004,53.35555192,Acidic Soil,Sugarcane,Lime
0.743957674,71.84451747,96.35011632,81.91002923,Loamy Soil,Sugarcane,Compost
0.536086472,68.54084229,110.7388194,85.63729542,Neutral Soil,Sugarcane,Water Retaining Fertilizer
0.599389076,64.75931564,38.16965915,45.14176795,Acidic Soil,Sugarcane,DAP
0.635281577,64.39819085,143.0510467,150.1419183,Neutral Soil,Sugarcane,Compost
0.651713865,69.33526641,42.09546156,58.92079243,Acidic Soil,Sugarcane,DAP
0.567104139,64.62460235,177.3144812,136.788133,Neutral Soil,Sugarcane,Water Retaining Fertilizer
0.438292682,71.19190288,61.18545511,74.01493497,Peaty Soil,Sugarcane,Water Retaining Fertilizer
0.529818991,61.3861221,39.75441278,56.60480227,Peaty Soil,Sugarcane,DAP
0.457598275,68.95381858,61.89665458,159.5640307,Peaty Soil,Sugarcane,Compost
0.405010609,69.29337408,60.52824679,66.44617851,Acidic Soil,Sugarcane,Water Retaining Fertilizer
0.606816211,67.05287096,153.1455908,138.5052327,Neutral Soil,Sugarcane,Water Retaining Fertilizer
0.704064059,66.60966799,43.13287468,53.49258861,Peaty Soil,Sugarcane,DAP
0.505940728,57.27031338,70.06110492,57.05702095,Acidic Soil,Tobacco,Lime
0.646912676,59.30108009,45.05925762,48.32387773,Acidic Soil,Tobacco,DAP
0.798384133,55.13793344,52.68609206,49.84658591,Peaty Soil,Tobacco,Muriate of Potash
0.470873012,54.48581584,54.44538949,53.23876608,Acidic Soil,Tobacco,Compost
0.500960941,54.91141516,58.612281,57.58238338,Acidic Soil,Tobacco,Water Retaining Fertilizer
0.484504422,56.11096487,51.0910785,47.09199505,Acidic Soil,Tobacco,Muriate of Potash
0.631769015,59.36999556,48.17608322,59.23977407,Acidic Soil,Tobacco,DAP
0.765309867,56.29681079,43.24750662,38.02370169,Acidic Soil,Tobacco,DAP
0.638069695,58.34208479,45.3752373,51.43807611,Acidic Soil,Tobacco,DAP
0.454184745,56.95110032,39.07980815,54.36187704,Acidic Soil,Tobacco,DAP
0.633276574,57.35265315,40.75907939,57.62209891,Acidic Soil,Tobacco,DAP
0.459028014,55.45024291,49.94249569,49.56626543,Acidic Soil,Tobacco,DAP
0.511218632,57.6352303,53.66594094,46.40465398,Acidic Soil,Tobacco,Muriate of Potash
0.514491228,58.11152538,42.54615129,46.35624758,Acidic Soil,Tobacco,DAP
0.539930752,56.89348235,58.04360326,53.33443917,Acidic Soil,Tobacco,Compost
0.66330531,58.44768734,58.95215991,46.74515108,Acidic Soil,Tobacco,Muriate of Potash
0.367248567,53.11282949,40.2439438,48.32435588,Acidic Soil,Tobacco,DAP
0.507692784,55.57533367,54.78231483,46.13912807,Acidic Soil,Tobacco,Muriate of Potash
0.463821808,58.50764809,46.87647482,45.7127779,Acidic Soil,Tobacco,DAP
0.787244651,56.51228918,38.70398303,43.6682568,Peaty Soil,Tobacco,DAP
0.645686932,56.91351624,52.05869944,54.93294578,Acidic Soil,Tobacco,Water Retaining Fertilizer
0.227436131,55.85354646,46.58768222,53.07741953,Acidic Soil,Tobacco,DAP
0.553628067,86.96971052,177.3144812,53.47355946,Acidic Soil,Tobacco,Lime
0.506063799,57.40598654,49.22952733,45.11149536,Acidic Soil,Tobacco,DAP
0.648429017,56.79418025,-37.64973873,52.37500013,Peaty Soil,Tobacco,DAP
0.692077913,55.44307604,49.5422579,56.39892637,Acidic Soil,Tobacco,DAP
0.784600873,58.00070124,46.3709928,46.58843446,Acidic Soil,Tobacco,DAP
0.565882755,55.38834309,42.18031852,43.54383017,Acidic Soil,Tobacco,DAP
0.972361206,57.60648162,59.6143872,43.78400572,Acidic Soil,Tobacco,Muriate of Potash
0.766229843,56.18844968,53.20774895,50.93869222,Acidic Soil,Tobacco,Compost
0.727815429,57.79602145,58.4938981,45.09712621,Peaty Soil,Tobacco,Muriate of Potash
0.459519577,56.88364736,47.07676757,46.86592048,Acidic Soil,Tobacco,DAP
0.456536232,56.16052355,43.26971518,49.28624932,Acidic Soil,Tobacco,DAP
0.749518131,59.14369219,55.68639532,60.51944268,Peaty Soil,Tobacco,Organic Fertilizer
0.467543526,59.83575922,37.18923968,43.8914194,Acidic Soil,Tobacco,DAP
0.55276711,57.81422213,46.15170987,57.91403456,Acidic Soil,Tobacco,DAP
0.652880749,57.07025353,52.91187405,56.43950624,Acidic Soil,Tobacco,Compost
0.552975263,58.56514669,54.78381371,52.2757479,Acidic Soil,Tobacco,Water Retaining Fertilizer
0.780363153,60.28400095,177.3144812,59.36864669,Peaty Soil,Tobacco,Organic Fertilizer
0.641278004,35.52771842,64.27656116,58.75986278,Acidic Soil,Tobacco,Urea
0.751926916,56.57091558,64.85800778,60.01016592,Peaty Soil,Tobacco,Organic Fertilizer
0.686284183,56.96792442,48.77121593,45.66481955,Acidic Soil,Tobacco,DAP
0.688547991,56.44279812,53.20172048,-20.50910839,Acidic Soil,Tobacco,Muriate of Potash
0.57783344,52.52834869,55.98605467,51.59232602,Acidic Soil,Tobacco,Water Retaining Fertilizer
0.477827308,54.83583123,50.27640875,42.95441591,Acidic Soil,Tobacco,Muriate of Potash
0.530727212,56.91665268,59.63341993,55.86183802,Acidic Soil,Tobacco,Water Retaining Fertilizer
0.720463373,52.57006004,61.32341175,51.72447085,Peaty Soil,Tobacco,Organic Fertilizer
0.459779703,58.2902061,56.16313019,57.81206437,Acidic Soil,Tobacco,Water Retaining Fertilizer
0.708196685,57.13129968,37.95097643,51.32479735,Peaty Soil,Tobacco,DAP
0.75450373,60.76656097,56.17255461,55.54654167,Peaty Soil,Tobacco,Organic Fertilizer
0.385364851,55.78701529,52.90604877,39.20249964,Acidic Soil,Tobacco,Muriate of Potash
0.682171677,55.25568181,56.56514956,52.30523599,Acidic Soil,Tobacco,Water Retaining Fertilizer
0.751626672,54.7951652,52.94472157,52.01352412,Peaty Soil,Tobacco,Compost
0.502761853,53.0616269,34.44571698,159.5640307,Acidic Soil,Tobacco,DAP
0.972361206,59.39862845,61.39186973,42.03588444,Acidic Soil,Tobacco,Muriate of Potash
0.68562081,86.96971052,66.07267903,51.85070273,Acidic Soil,Tobacco,Compost
0.578152205,56.37039656,45.54427089,50.6774101,Acidic Soil,Tobacco,DAP
0.413720425,56.85377598,43.2521051,52.92792328,Acidic Soil,Tobacco,DAP
0.451142627,55.18378472,58.29454957,55.03297359,Acidic Soil,Tobacco,Water Retaining Fertilizer
0.68337826,52.63912257,48.06078289,53.09360442,Acidic Soil,Tobacco,DAP
0.496232836,53.25403039,54.9502362,54.89694991,Acidic Soil,Tobacco,Water Retaining Fertilizer
0.460226214,56.15467406,51.02807227,45.31955342,Acidic Soil,Tobacco,Muriate of Potash
0.470394323,54.81815801,49.40015443,44.96960537,Acidic Soil,Tobacco,DAP
0.483094548,56.15263124,47.04327329,42.22573206,Acidic Soil,Tobacco,DAP
0.587547741,55.39028945,32.23542911,46.06371614,Acidic Soil,Tobacco,DAP
0.442791597,56.82066348,43.46383054,44.63576313,Acidic Soil,Tobacco,DAP
0.693922653,61.03368358,51.31787455,59.38205673,Acidic Soil,Tobacco,Compost
0.464969507,59.30376715,51.87993228,49.6729715,Acidic Soil,Tobacco,Muriate of Potash
0.708501753,58.95017117,39.05148431,40.55843248,Acidic Soil,Tobacco,DAP
0.684079207,57.81236701,52.73417633,58.74866589,Acidic Soil,Tobacco,Lime
0.661535271,56.10148813,52.48180263,54.99339789,Acidic Soil,Tobacco,Water Retaining Fertilizer
0.621868523,56.43766978,40.23875562,46.31410656,Acidic Soil,Tobacco,DAP
0.747292224,56.54414132,42.99876068,38.46533164,Peaty Soil,Tobacco,DAP
0.771360115,56.6872813,57.5375437,-20.50910839,Acidic Soil,Tobacco,Muriate of Potash
0.586393074,58.46128663,53.48402058,55.09726415,Acidic Soil,Tobacco,Water Retaining Fertilizer
0.427727653,58.47576989,51.454021,44.85228295,Acidic Soil,Tobacco,Muriate of Potash
0.503904064,55.34645877,45.69975932,52.49552757,Acidic Soil,Tobacco,DAP
0.227436131,59.35391184,177.3144812,47.99494148,Acidic Soil,Tobacco,Muriate of Potash
0.529995903,55.43674833,40.28735482,48.57967816,Acidic Soil,Tobacco,DAP
0.8027561,58.95510104,53.34464705,48.3300361,Acidic Soil,Tobacco,Muriate of Potash
0.599822183,58.29995266,44.58127223,46.48567856,Acidic Soil,Tobacco,DAP
0.711857007,56.58995482,35.98899761,52.56216115,Acidic Soil,Tobacco,DAP
0.47504932,56.83444528,51.31175572,52.46132085,Acidic Soil,Tobacco,Compost
0.627197813,57.59015414,-37.64973873,54.33079038,Acidic Soil,Tobacco,DAP
0.652017439,52.11377026,44.53422873,54.66722928,Acidic Soil,Tobacco,DAP
0.671533759,57.70437575,-37.64973873,56.41435303,Acidic Soil,Tobacco,DAP
0.55897795,57.00248953,56.2897253,46.78442527,Acidic Soil,Tobacco,Muriate of Potash
0.526369346,55.19099607,43.47703142,35.66952723,Acidic Soil,Tobacco,DAP
0.698666778,54.74288667,-37.64973873,46.48610533,Acidic Soil,Tobacco,DAP
0.755244479,58.45161418,58.93891175,50.81933432,Peaty Soil,Tobacco,Lime
0.56583999,52.65422558,58.5219575,54.15588937,Acidic Soil,Tobacco,Water Retaining Fertilizer
0.780855046,57.48517249,44.7242059,63.95914116,Peaty Soil,Tobacco,DAP
0.510831314,54.53550875,50.70380187,59.37378036,Acidic Soil,Tobacco,Water Retaining Fertilizer
0.556062899,60.19486391,49.97390682,57.06936365,Acidic Soil,Tobacco,DAP
0.670496567,55.62460046,62.63327113,43.91180231,Acidic Soil,Tobacco,Muriate of Potash
0.726292975,54.04301613,52.68187906,44.76894289,Acidic Soil,Tobacco,Muriate of Potash
0.602145734,59.30835059,46.02537941,38.3168943,Acidic Soil,Tobacco,DAP
0.787794164,59.0072493,34.88047273,-20.50910839,Peaty Soil,Tobacco,DAP
0.742766321,57.82079423,39.08483703,52.31974559,Peaty Soil,Tobacco,DAP
0.575856601,58.20089147,47.30936105,52.95004604,Acidic Soil,Tobacco,DAP
0.650180756,52.10148182,28.36722736,47.397315,Acidic Soil,Kidney Beans,DAP
0.61809069,53.08065397,24.59445394,52.83435138,Acidic Soil,Kidney Beans,DAP
0.443496589,53.64366781,45.17002533,53.38355475,Acidic Soil,Kidney Beans,DAP
0.544825005,53.50484074,37.40397274,40.36831155,Acidic Soil,Kidney Beans,DAP
0.539026236,52.28823564,-37.64973873,49.60994464,Acidic Soil,Kidney Beans,DAP
0.388982033,53.51429828,32.40097837,52.37078317,Acidic Soil,Kidney Beans,DAP
0.429169081,52.62554883,43.27011772,51.04789502,Acidic Soil,Kidney Beans,DAP
0.373587738,54.55515315,32.6924389,53.74489188,Acidic Soil,Kidney Beans,DAP
0.640722572,54.67472517,36.48187903,58.20948493,Acidic Soil,Kidney Beans,DAP
0.645326335,52.52118591,21.06470878,44.2014543,Acidic Soil,Kidney Beans,DAP
0.517273832,53.1650861,27.17734791,53.45403149,Acidic Soil,Kidney Beans,DAP
0.78988484,56.03585411,177.3144812,47.54584749,Acidic Soil,Kidney Beans,Muriate of Potash
0.74935409,54.51038612,25.43489921,50.43583913,Peaty Soil,Kidney Beans,DAP
0.673809033,52.55409142,21.22514329,54.12065533,Acidic Soil,Kidney Beans,DAP
0.619885308,50.72188317,23.45557049,51.14142745,Acidic Soil,Kidney Beans,DAP
0.477160782,52.47575963,24.68522203,39.98491202,Acidic Soil,Kidney Beans,DAP
0.514241676,51.41479849,27.43888588,48.4575092,Acidic Soil,Kidney Beans,DAP
0.805243902,52.30635477,28.88681875,56.9160663,Acidic Soil,Kidney Beans,DAP
0.595134036,52.27197505,34.60049006,55.5499731,Acidic Soil,Kidney Beans,DAP
0.768137419,51.12105198,40.40568883,55.81147446,Peaty Soil,Kidney Beans,DAP
0.581295595,51.73847345,42.65837193,32.71008227,Acidic Soil,Kidney Beans,DAP
0.811553447,51.80129227,39.67571366,45.83887257,Acidic Soil,Kidney Beans,DAP
0.63631176,50.97299107,37.58658094,49.16088277,Acidic Soil,Kidney Beans,DAP
0.786247836,51.41558747,35.30314534,159.5640307,Peaty Soil,Kidney Beans,DAP
0.452191753,53.56009522,27.57332561,51.69978133,Acidic Soil,Kidney Beans,DAP
0.702803892,54.75312283,34.00833,49.73100003,Acidic Soil,Kidney Beans,DAP
0.660634624,50.84905155,30.0198849,59.12659116,Acidic Soil,Kidney Beans,DAP
0.505622512,35.52771842,37.35169804,47.16471527,Acidic Soil,Kidney Beans,Urea
0.505140125,54.5203575,35.73850474,46.81897251,Acidic Soil,Kidney Beans,DAP
0.793044039,51.45058195,43.85037381,53.48438929,Peaty Soil,Kidney Beans,DAP
0.395727023,48.88268941,33.53880256,-20.50910839,Acidic Soil,Kidney Beans,Urea
0.455517941,54.81427196,27.28480778,51.19029433,Acidic Soil,Kidney Beans,DAP
0.972361206,52.38774966,37.05024742,45.40180246,Acidic Soil,Kidney Beans,DAP
0.600785057,53.03963332,32.43037906,55.43417619,Acidic Soil,Kidney Beans,DAP
0.518113492,51.95228519,16.76311211,63.6486382,Acidic Soil,Kidney Beans,DAP
0.415364987,51.44951938,32.09675558,46.4059747,Acidic Soil,Kidney Beans,DAP
0.764765692,52.70492947,35.85933334,53.3889733,Acidic Soil,Kidney Beans,DAP
0.460011839,54.77183704,37.36265388,55.90287815,Acidic Soil,Kidney Beans,DAP
0.705759589,51.95852737,30.90159789,47.73199897,Peaty Soil,Kidney Beans,DAP
0.972361206,52.71131211,24.53360499,60.05296306,Peaty Soil,Kidney Beans,DAP
0.412419961,54.88006692,34.75603424,45.8170475,Acidic Soil,Kidney Beans,DAP
0.514571777,52.44455359,33.6600597,52.66238697,Acidic Soil,Kidney Beans,DAP
0.638643908,54.1232252,30.23000293,47.972988,Acidic Soil,Kidney Beans,DAP
0.733672954,52.01335913,31.29381437,58.93395746,Peaty Soil,Kidney Beans,DAP
0.656175736,50.75818023,31.72585259,63.36989892,Acidic Soil,Kidney Beans,DAP
0.811057868,52.38693593,33.31073549,43.01586498,Acidic Soil,Kidney Beans,DAP
0.484396328,52.71496239,13.81032901,50.71626341,Acidic Soil,Kidney Beans,DAP
0.690394903,86.96971052,32.67691751,42.51598359,Acidic Soil,Kidney Beans,DAP
0.523446247,50.22156232,40.49627595,53.44482908,Acidic Soil,Kidney Beans,DAP
0.626369489,35.52771842,35.81477874,61.22416376,Acidic Soil,Kidney Beans,Urea
0.58501842,52.97414485,177.3144812,56.51481942,Acidic Soil,Kidney Beans,Lime
0.756076954,49.0030822,35.51790433,-20.50910839,Peaty Soil,Kidney Beans,Urea
0.672445867,49.88239674,30.52295434,50.36545162,Acidic Soil,Kidney Beans,Urea
0.712802545,50.27269895,42.65301509,51.63877015,Acidic Soil,Kidney Beans,DAP
0.643079544,52.68986807,30.59822821,53.77694683,Acidic Soil,Kidney Beans,DAP
0.593004589,51.71505681,40.78238973,44.02381236,Acidic Soil,Kidney Beans,DAP
0.562821413,51.96203109,24.18860227,44.10842643,Acidic Soil,Kidney Beans,DAP
0.61133013,54.88756164,28.65000263,55.27771384,Acidic Soil,Kidney Beans,DAP
0.419358363,53.76288302,177.3144812,39.67204044,Acidic Soil,Kidney Beans,Muriate of Potash
0.764525322,49.01014813,45.13553824,45.86469339,Acidic Soil,Kidney Beans,Urea
0.532293613,54.7165178,22.50298043,58.58973941,Acidic Soil,Kidney Beans,DAP
0.486357379,54.74607458,31.23259985,47.80183011,Acidic Soil,Kidney Beans,DAP
0.604067971,53.49586905,22.7042234,62.02213806,Acidic Soil,Kidney Beans,DAP
0.227436131,52.82059724,25.65729474,50.6103904,Acidic Soil,Kidney Beans,DAP
0.574993736,55.77130549,36.82297448,53.43914392,Acidic Soil,Kidney Beans,DAP
0.725095451,53.29789335,39.82761004,56.90757774,Peaty Soil,Kidney Beans,DAP
0.462486158,55.19386674,35.01696246,63.87076005,Acidic Soil,Kidney Beans,DAP
0.620537986,48.51975816,24.0948429,40.21033523,Acidic Soil,Kidney Beans,Urea
0.54969149,53.34034026,34.69118461,57.076637,Acidic Soil,Kidney Beans,DAP
0.597442045,51.71196451,40.43252567,-20.50910839,Acidic Soil,Kidney Beans,DAP
0.540553795,54.29508672,30.88120854,55.14475736,Acidic Soil,Kidney Beans,DAP
0.41892623,51.7582522,41.9132212,58.66531896,Acidic Soil,Kidney Beans,DAP
0.46307837,54.29243064,33.64131247,50.78297646,Acidic Soil,Kidney Beans,DAP
0.654014546,53.69934408,25.62858139,42.71858784,Acidic Soil,Kidney Beans,DAP
0.612718171,54.05257866,35.11676835,-20.50910839,Acidic Soil,Kidney Beans,DAP
0.770802198,54.2147092,20.6844186,50.25679776,Peaty Soil,Kidney Beans,DAP
0.351419935,53.26333889,22.63968704,55.23768748,Acidic Soil,Kidney Beans,DAP
0.518274782,51.98064,41.49086019,43.29050825,Acidic Soil,Kidney Beans,DAP
0.576400018,52.89385654,32.23010402,61.00889713,Acidic Soil,Kidney Beans,DAP
0.73845419,54.29715223,40.14773008,52.04813811,Acidic Soil,Kidney Beans,DAP
0.458620104,51.95583215,43.48884411,49.6910684,Acidic Soil,Kidney Beans,DAP
0.434196038,51.61255016,42.67739734,58.35675655,Acidic Soil,Kidney Beans,DAP
0.588125698,52.6104542,19.03944001,50.37724722,Acidic Soil,Kidney Beans,DAP
0.609192065,51.1252447,42.44301185,61.90649067,Acidic Soil,Kidney Beans,DAP
0.569646911,52.59176096,33.24249921,53.01954449,Acidic Soil,Kidney Beans,DAP
0.469437091,52.34616675,31.10252767,57.49763362,Acidic Soil,Kidney Beans,DAP
0.458631164,52.86649342,29.37612577,54.88931877,Acidic Soil,Kidney Beans,DAP
0.692348009,50.6525833,23.53543546,50.17732134,Acidic Soil,Kidney Beans,DAP
0.464904148,50.63584714,33.14853524,46.95811248,Acidic Soil,Kidney Beans,DAP
0.670776493,51.42611605,30.07173613,53.89185123,Acidic Soil,Kidney Beans,DAP
0.648373874,51.99010938,40.73532321,63.28657609,Acidic Soil,Kidney Beans,DAP
0.557043906,50.05953883,36.31943014,46.18769445,Acidic Soil,Kidney Beans,DAP
0.594628452,51.77686252,44.89778305,50.76174047,Acidic Soil,Kidney Beans,DAP
0.671879869,53.88501909,48.9237037,53.58996154,Acidic Soil,Kidney Beans,DAP
0.732523647,51.35276434,27.99341141,45.14718251,Acidic Soil,Kidney Beans,DAP
0.624506462,50.25160168,31.86567743,49.16246773,Acidic Soil,Kidney Beans,DAP
0.413988223,50.90732819,35.99747079,159.5640307,Acidic Soil,Kidney Beans,DAP
0.447114734,53.34506968,40.32970559,53.67845933,Acidic Soil,Kidney Beans,DAP
0.567099945,53.87740662,37.71063885,58.19104809,Acidic Soil,Kidney Beans,DAP
0.598437995,51.66916072,41.4345491,50.66747899,Acidic Soil,Kidney Beans,DAP
0.722660142,52.17772481,38.4394493,40.9415421,Acidic Soil,Moth Beans,DAP
0.668490869,52.46742599,32.85643686,39.21905716,Acidic Soil,Moth Beans,DAP
0.796806551,51.27577284,25.5145255,44.50199622,Peaty Soil,Moth Beans,DAP
0.729868818,58.01359443,32.1658374,46.56005603,Peaty Soil,Moth Beans,DAP
0.635819688,52.7851749,49.56138832,46.30524276,Alkaline Soil,Moth Beans,DAP
0.513444147,58.37897085,27.82773263,42.60838018,Acidic Soil,Moth Beans,DAP
0.761203421,57.12446216,53.66056085,45.23278296,Peaty Soil,Moth Beans,Muriate of Potash
0.655076128,54.79898629,42.04131791,34.23214749,Alkaline Soil,Moth Beans,DAP
0.713737604,52.90201578,65.2422448,60.93730143,Loamy Soil,Moth Beans,Balanced NPK Fertilizer
0.417900174,58.34133117,71.32266741,61.38479212,Neutral Soil,Moth Beans,Water Retaining Fertilizer
0.636495418,53.22306186,80.39809171,60.75273821,Loamy Soil,Moth Beans,Water Retaining Fertilizer
0.63940319,55.25581804,42.79222137,60.9852604,Peaty Soil,Moth Beans,DAP
0.706195312,53.65885508,177.3144812,36.89065472,Acidic Soil,Moth Beans,Muriate of Potash
0.50365577,52.17822361,54.25503652,36.58394029,Peaty Soil,Moth Beans,Muriate of Potash
0.547638217,57.400623,46.13503262,38.46532508,Peaty Soil,Moth Beans,DAP
0.439590073,50.88117922,42.24716728,44.04216777,Acidic Soil,Moth Beans,DAP
0.650529499,52.89188688,177.3144812,41.14852145,Peaty Soil,Moth Beans,Muriate of Potash
0.562527821,54.72438347,28.9732437,45.77848971,Acidic Soil,Moth Beans,DAP
0.46232519,55.46360132,33.38911801,50.96334776,Peaty Soil,Moth Beans,DAP
0.557955567,53.37170318,63.08777985,-20.50910839,Acidic Soil,Moth Beans,Muriate of Potash
0.514957076,56.81884568,45.22039366,41.00034807,Peaty Soil,Moth Beans,DAP
0.972361206,55.56141188,37.47936476,42.60499011,Acidic Soil,Moth Beans,DAP
0.45419448,54.70423513,30.71338264,34.51072377,Acidic Soil,Moth Beans,DAP
0.439662111,53.56050023,49.35683448,38.57777471,Peaty Soil,Moth Beans,DAP
0.576175258,54.06704491,41.20618139,47.08627702,Acidic Soil,Moth Beans,DAP
0.513513568,51.67797824,60.19506628,-20.50910839,Neutral Soil,Moth Beans,Muriate of Potash
0.674834125,55.87557946,48.11195893,44.02704868,Acidic Soil,Moth Beans,DAP
0.972361206,54.3283686,55.27849692,42.61716611,Acidic Soil,Moth Beans,Muriate of Potash
0.438084069,53.15038603,43.05040524,50.33481257,Acidic Soil,Moth Beans,DAP
0.748284213,53.76601031,29.05016067,38.51942527,Peaty Soil,Moth Beans,DAP
0.598434725,52.84987977,45.86949553,42.99052086,Acidic Soil,Moth Beans,DAP
0.39072442,52.39177501,35.10176108,48.08764292,Acidic Soil,Moth Beans,DAP
0.709516566,52.70882295,24.48037574,39.14746752,Acidic Soil,Moth Beans,DAP
0.662053065,56.38518925,36.61991076,46.46608237,Acidic Soil,Moth Beans,DAP
0.614833093,52.38475493,48.68422916,45.43276533,Peaty Soil,Moth Beans,DAP
0.633000593,52.12778771,46.94369209,33.26149924,Acidic Soil,Moth Beans,DAP
0.482408459,52.83016408,36.30822596,41.32317508,Peaty Soil,Moth Beans,DAP
0.421878763,53.4183975,25.29310474,38.75595119,Acidic Soil,Moth Beans,DAP
0.772014289,59.38991306,40.33850075,52.16340614,Peaty Soil,Moth Beans,DAP
0.785125382,53.80553823,43.49424039,50.19664922,Peaty Soil,Moth Beans,DAP
0.45377752,53.93849571,44.79806804,38.13226979,Peaty Soil,Moth Beans,DAP
0.67518067,53.08913434,39.72783006,33.39388779,Acidic Soil,Moth Beans,DAP
0.44828798,53.95262348,44.93274767,41.63654388,Acidic Soil,Moth Beans,DAP
0.603591803,52.00640003,61.06629393,64.37486881,Loamy Soil,Moth Beans,Water Retaining Fertilizer
0.697624456,55.18804997,52.62536931,43.98254247,Acidic Soil,Moth Beans,Muriate of Potash
0.227436131,54.75113921,47.12482011,49.15552532,Peaty Soil,Moth Beans,DAP
0.608035579,52.97697448,27.61809544,39.63401924,Peaty Soil,Moth Beans,DAP
0.714933302,54.12605591,39.92643312,52.05081474,Alkaline Soil,Moth Beans,DAP
0.622124938,51.85168608,47.03497478,50.34442827,Acidic Soil,Moth Beans,DAP
0.456271127,57.20319586,60.92139223,40.60531283,Acidic Soil,Moth Beans,Muriate of Potash
0.656228329,56.04726131,26.91048833,30.88557757,Peaty Soil,Moth Beans,DAP
0.478420674,54.94879648,177.3144812,53.04782966,Peaty Soil,Moth Beans,Water Retaining Fertilizer
0.625599278,58.65724891,43.09260935,49.87660624,Peaty Soil,Moth Beans,DAP
0.768749826,55.23718077,36.5663626,47.45891712,Peaty Soil,Moth Beans,DAP
0.554409988,57.94485556,40.66130595,46.04368726,Peaty Soil,Moth Beans,DAP
0.447258465,55.00172898,36.7742987,49.68703501,Acidic Soil,Moth Beans,DAP
0.538575012,56.3707519,58.43726376,49.58419836,Acidic Soil,Moth Beans,Muriate of Potash
0.621894673,55.95217142,15.01209901,37.47613744,Acidic Soil,Moth Beans,DAP
0.408554353,55.07964513,77.45530808,50.47316246,Neutral Soil,Moth Beans,Water Retaining Fertilizer
0.458571398,55.58028307,32.32366046,52.90025665,Peaty Soil,Moth Beans,DAP
0.495673919,56.11494885,42.31683038,52.08364981,Peaty Soil,Moth Beans,DAP
0.47436567,86.96971052,29.58449622,44.29700537,Acidic Soil,Moth Beans,DAP
0.645112488,54.71775412,51.62801832,159.5640307,Acidic Soil,Moth Beans,Lime
0.581479702,56.05093755,36.55395272,43.20129664,Alkaline Soil,Moth Beans,DAP
0.421912423,56.4364136,42.62094046,32.53578653,Peaty Soil,Moth Beans,DAP
0.588661561,56.54483556,43.767956,45.49975083,Acidic Soil,Moth Beans,DAP
0.794496936,54.92593051,50.24284675,48.05551153,Acidic Soil,Moth Beans,Muriate of Potash
0.516143292,54.21986414,177.3144812,45.41105919,Peaty Soil,Moth Beans,Muriate of Potash
0.661217515,53.59305607,38.48001424,40.61873262,Peaty Soil,Moth Beans,DAP
0.540872148,54.11441091,75.6706323,58.26889835,Neutral Soil,Moth Beans,Water Retaining Fertilizer
0.419332987,54.14165341,44.9041583,44.90296484,Acidic Soil,Moth Beans,DAP
0.553713507,55.28863434,177.3144812,47.99568045,Peaty Soil,Moth Beans,Muriate of Potash
0.566326954,54.36215949,35.95002401,47.91269164,Alkaline Soil,Moth Beans,DAP
0.698370421,55.75432366,-37.64973873,49.68014649,Peaty Soil,Moth Beans,DAP
0.63800012,52.38645192,52.41826357,35.15287909,Alkaline Soil,Moth Beans,Muriate of Potash
0.736963235,50.73151833,45.63210035,35.3277831,Peaty Soil,Moth Beans,DAP
0.828934302,52.99432777,46.30385004,48.16396499,Acidic Soil,Moth Beans,DAP
0.398073277,56.0469782,40.33853492,42.01641248,Peaty Soil,Moth Beans,DAP
0.523658485,56.37104275,78.67613625,65.27694511,Neutral Soil,Moth Beans,Water Retaining Fertilizer
0.66923577,53.245664,38.40939883,37.89111034,Acidic Soil,Moth Beans,DAP
0.657817236,55.56615493,43.80579212,159.5640307,Acidic Soil,Moth Beans,DAP
0.606438141,55.73234168,29.77192938,44.26053727,Acidic Soil,Moth Beans,DAP
0.671788606,54.0885562,27.73119094,42.41703966,Acidic Soil,Moth Beans,DAP
0.528046016,56.19999357,43.94201526,36.90959666,Peaty Soil,Moth Beans,DAP
0.535233987,51.03368335,21.69313868,59.04314908,Peaty Soil,Moth Beans,DAP
0.455919564,57.72482753,48.45318611,46.80646149,Acidic Soil,Moth Beans,DAP
0.470766502,57.56095145,50.08504302,34.59728741,Peaty Soil,Moth Beans,Muriate of Potash
0.759143511,54.50003285,41.19614291,38.91122035,Peaty Soil,Moth Beans,DAP
0.402575162,55.45693128,50.1146624,45.43736616,Peaty Soil,Moth Beans,Muriate of Potash
0.536887063,53.00297431,177.3144812,39.73975298,Acidic Soil,Moth Beans,Muriate of Potash
0.642114175,54.6310192,41.10212856,39.58580564,Peaty Soil,Moth Beans,DAP
0.593563346,55.39793037,37.96699729,38.11849116,Acidic Soil,Moth Beans,DAP
0.424881429,50.08337199,79.06402222,63.40398532,Neutral Soil,Moth Beans,Water Retaining Fertilizer
0.648768353,54.52500536,71.57370395,58.82582279,Loamy Soil,Moth Beans,Water Retaining Fertilizer
0.589231896,55.53839794,35.26420084,42.8769787,Peaty Soil,Moth Beans,DAP
0.549491351,52.44316745,33.20025151,41.69502136,Peaty Soil,Moth Beans,DAP
0.639072802,56.17715065,43.26815005,159.5640307,Peaty Soil,Moth Beans,DAP
0.421537205,86.96971052,54.49919733,39.17335067,Alkaline Soil,Moth Beans,Muriate of Potash
0.507277738,51.94030739,43.53634675,42.26688955,Acidic Soil,Moth Beans,DAP
0.667963629,50.89865252,28.35391456,54.16224749,Acidic Soil,Moth Beans,DAP
0.431422222,81.45040557,89.9716706,77.41968345,Acidic Soil,Coconut,Water Retaining Fertilizer
0.520083058,80.61576019,49.0685977,54.28111761,Acidic Soil,Coconut,DAP
0.701054547,72.98840929,49.63577119,56.65260787,Peaty Soil,Coconut,DAP
0.439747634,72.78604037,71.71417747,71.09973843,Acidic Soil,Coconut,Water Retaining Fertilizer
0.637817144,78.01738703,80.39828468,77.58824442,Acidic Soil,Coconut,Gypsum
0.642258003,75.48011413,44.92990414,53.06530768,Acidic Soil,Coconut,DAP
0.543401334,73.40400295,54.39008691,51.68968722,Acidic Soil,Coconut,Lime
0.562447797,35.52771842,54.94622138,59.60244038,Acidic Soil,Coconut,Urea
0.711357772,74.64480944,43.71343059,56.17401415,Acidic Soil,Coconut,DAP
0.469941465,80.45515323,55.79529751,53.55389712,Acidic Soil,Coconut,Lime
0.500076754,73.27052529,42.34006201,58.59680082,Acidic Soil,Coconut,DAP
0.560232553,78.35173574,66.43932169,61.36538018,Acidic Soil,Coconut,Water Retaining Fertilizer
0.479723678,70.29774698,177.3144812,159.5640307,Acidic Soil,Coconut,Lime
0.668000543,74.24173814,73.18060206,65.17391342,Acidic Soil,Coconut,Water Retaining Fertilizer
0.450422542,83.67659063,61.32817291,64.33413507,Acidic Soil,Coconut,Lime
0.415214476,79.36511688,71.90213608,75.52493586,Acidic Soil,Coconut,Compost
0.630614845,77.78708641,78.38545066,82.33072262,Acidic Soil,Coconut,Lime
0.972361206,71.43187371,53.02010842,45.57650055,Acidic Soil,Coconut,Muriate of Potash
0.678426728,84.05865796,48.95677489,68.38447932,Acidic Soil,Coconut,DAP
0.227436131,70.74794639,42.16509102,69.43178353,Acidic Soil,Coconut,DAP
0.65515032,72.93783109,63.04460391,67.37381594,Acidic Soil,Coconut,Water Retaining Fertilizer
0.528193208,75.44130081,74.90074047,79.05299593,Acidic Soil,Coconut,Compost
0.655383333,71.07448573,34.94259122,59.71945417,Acidic Soil,Coconut,DAP
0.722671231,81.35288536,48.81879208,72.24060987,Peaty Soil,Coconut,DAP
0.805136505,72.17553715,71.12240261,73.47017492,Acidic Soil,Coconut,Compost
0.382640189,76.3173725,63.755839,71.92220121,Acidic Soil,Coconut,Water Retaining Fertilizer
0.541432289,70.32123844,63.67603556,51.02782765,Acidic Soil,Coconut,Lime
0.708082723,78.07494684,58.39721421,65.38645885,Peaty Soil,Coconut,Lime
0.750159749,85.66845532,65.90646012,81.02093379,Acidic Soil,Coconut,Compost
0.792676881,86.96971052,66.08323293,61.69473546,Acidic Soil,Coconut,General Purpose Fertilizer
0.850959195,66.92983805,46.53555365,55.41937839,Peaty Soil,Coconut,DAP
0.227436131,70.72404378,67.11554503,59.88046115,Acidic Soil,Coconut,Compost
0.625716901,76.01067932,42.31428983,64.33275699,Acidic Soil,Coconut,DAP
0.502907814,72.18876478,76.63037678,159.5640307,Acidic Soil,Coconut,Water Retaining Fertilizer
0.649166058,78.38448122,64.99838172,61.02164091,Acidic Soil,Coconut,Water Retaining Fertilizer
0.577555253,71.55507202,43.42270667,58.11527218,Acidic Soil,Coconut,DAP
0.686813109,82.49320561,69.09864557,72.77538567,Acidic Soil,Coconut,Water Retaining Fertilizer
0.531291907,79.51663586,47.30228858,68.85549925,Acidic Soil,Coconut,DAP
0.597081269,80.69527087,177.3144812,68.72936251,Acidic Soil,Coconut,Lime
0.703078697,77.38126438,62.45430894,71.77912245,Acidic Soil,Coconut,General Purpose Fertilizer
0.635593349,72.48463419,55.94573198,59.97572699,Acidic Soil,Coconut,Lime
0.60442498,75.41211074,-37.64973873,59.58340767,Acidic Soil,Coconut,DAP
0.563571305,74.07672376,52.67237925,46.07459828,Acidic Soil,Coconut,Muriate of Potash
0.546236784,74.82256898,57.20719916,64.56537084,Acidic Soil,Coconut,Water Retaining Fertilizer
0.78655483,79.31867181,-37.64973873,80.30730758,Peaty Soil,Coconut,DAP
0.434454945,73.81629701,66.20738271,82.82651376,Acidic Soil,Coconut,Compost
0.763478988,71.81786872,50.31290334,55.6713487,Acidic Soil,Coconut,Lime
0.43151845,71.35262963,59.02311399,72.22239233,Acidic Soil,Coconut,Water Retaining Fertilizer
0.712321638,82.4353676,57.560737,63.89211342,Peaty Soil,Coconut,Organic Fertilizer
0.493461257,84.23956858,54.65331934,69.71129177,Acidic Soil,Coconut,Lime
0.522841733,35.52771842,44.16704014,54.20862935,Acidic Soil,Coconut,Urea
0.475393334,71.2009088,63.97904977,58.29368146,Acidic Soil,Coconut,Water Retaining Fertilizer
0.418164588,70.53899087,61.59586893,55.67179111,Acidic Soil,Coconut,Lime
0.473096872,71.25468644,61.23591902,65.3277134,Acidic Soil,Coconut,Water Retaining Fertilizer
0.792229165,79.80066782,61.55054988,62.36153437,Peaty Soil,Coconut,Organic Fertilizer
0.702974688,75.72183303,70.59417947,62.31440518,Peaty Soil,Coconut,Organic Fertilizer
0.744617259,72.26409793,52.93924571,54.6589239,Acidic Soil,Coconut,Lime
0.633250111,74.44524397,74.84901934,57.13029935,Acidic Soil,Coconut,Water Retaining Fertilizer
0.542335188,71.4878868,72.55028369,75.74341559,Acidic Soil,Coconut,Compost
0.535982885,84.24573277,66.82413859,80.81791171,Acidic Soil,Coconut,Lime
0.57895206,67.34073203,63.98507673,67.58672141,Acidic Soil,Coconut,Water Retaining Fertilizer
0.397172076,72.34938429,64.21708557,60.87961054,Acidic Soil,Coconut,Water Retaining Fertilizer
0.636926278,82.80003826,65.07275845,67.46150154,Acidic Soil,Coconut,Lime
0.52764676,68.22312378,55.63885869,50.38985954,Acidic Soil,Coconut,Lime
0.517401716,80.89189188,45.97611074,65.55953853,Acidic Soil,Coconut,DAP
0.403707291,81.83422698,63.83297459,76.30929362,Acidic Soil,Coconut,Water Retaining Fertilizer
0.547564426,80.87941726,72.75320748,66.68135438,Acidic Soil,Coconut,Compost
0.562899939,84.26976607,57.94050628,68.79628997,Acidic Soil,Coconut,Compost
0.718004492,76.37433185,52.23163261,70.61923788,Acidic Soil,Coconut,Lime
0.972361206,71.8504921,58.06076224,47.75543908,Acidic Soil,Coconut,Muriate of Potash
0.536407205,70.17798958,52.22684613,43.67663702,Acidic Soil,Coconut,Muriate of Potash
0.756692109,68.62314525,73.1987621,62.91742009,Acidic Soil,Coconut,Lime
0.76676708,72.3003934,42.79510133,47.11413887,Acidic Soil,Coconut,DAP
0.588157952,65.18092949,56.48257945,65.57598301,Acidic Soil,Coconut,Lime
0.634973826,75.74555026,42.1346988,61.34381406,Acidic Soil,Coconut,DAP
0.514881877,74.79323448,63.67925703,159.5640307,Acidic Soil,Coconut,Compost
0.555746612,72.49711785,79.36007611,73.89171939,Acidic Soil,Coconut,Compost
0.596753015,70.89736137,55.81837222,63.83412601,Acidic Soil,Coconut,Water Retaining Fertilizer
0.721361423,74.80501147,64.997197,72.07891304,Peaty Soil,Coconut,Organic Fertilizer
0.477630998,70.43723788,76.06404893,72.68670471,Acidic Soil,Coconut,Water Retaining Fertilizer
0.66469776,79.29727843,54.85683565,67.57867311,Acidic Soil,Coconut,Water Retaining Fertilizer
0.818122755,82.81216086,59.58477277,61.73410267,Acidic Soil,Coconut,Lime
0.486192227,75.58367322,69.92491652,58.60827313,Acidic Soil,Coconut,Compost
0.767161574,74.90322124,57.04956512,69.77330316,Peaty Soil,Coconut,Organic Fertilizer
0.584828772,79.16594579,59.44591941,75.26281965,Acidic Soil,Coconut,Compost
0.633520796,71.14436913,73.44538709,77.93505749,Acidic Soil,Coconut,Compost
0.738561113,83.81502221,42.41958651,54.99684934,Peaty Soil,Coconut,DAP
0.546751575,68.59125514,60.34037114,62.25973437,Acidic Soil,Coconut,Water Retaining Fertilizer
0.736040745,70.67940679,45.53933344,53.55414546,Peaty Soil,Coconut,DAP
0.772655543,78.06433208,59.49451188,65.88720318,Acidic Soil,Coconut,Lime
0.666531195,73.24345902,71.97224295,74.21951165,Acidic Soil,Coconut,Compost
0.227436131,73.23466404,61.33055413,-20.50910839,Acidic Soil,Coconut,Muriate of Potash
0.502534342,84.88770697,65.58185927,75.44155371,Acidic Soil,Coconut,Water Retaining Fertilizer
0.75820352,79.04257411,68.23728448,58.64128409,Peaty Soil,Coconut,Lime
0.431529735,35.52771842,54.75338563,68.66632675,Acidic Soil,Coconut,Urea
0.396587686,80.69782282,41.15496593,68.18633702,Acidic Soil,Coconut,DAP
0.972361206,82.04865342,50.78714628,54.52370483,Peaty Soil,Coconut,Organic Fertilizer
0.786862843,71.55185172,49.29047037,57.12851075,Acidic Soil,Coconut,DAP
0.613548527,72.9624068,59.40796619,59.97876937,Acidic Soil,Coconut,Lime
0.632412342,74.22878179,46.93717637,51.8754108,Acidic Soil,Coconut,DAP
0.227436131,54.79079945,73.3181825,159.5640307,Loamy Soil,Black gram,Lime
0.77301271,57.16146582,144.284587,149.1584617,Loamy Soil,Black gram,Balanced NPK Fertilizer
0.654523188,55.02805494,76.61929372,63.21124308,Loamy Soil,Black gram,Water Retaining Fertilizer
0.59850732,60.61682339,57.50948201,52.30724897,Loamy Soil,Black gram,Water Retaining Fertilizer
0.725388046,56.46509731,136.4493423,96.06354321,Loamy Soil,Black gram,Compost
0.607044762,55.58627913,56.18451518,57.95139624,Peaty Soil,Black gram,Compost
0.633143251,60.21236923,54.52974761,59.45714328,Peaty Soil,Black gram,Water Retaining Fertilizer
0.727116184,55.74106499,86.54764254,60.40209961,Loamy Soil,Black gram,Balanced NPK Fertilizer
0.798922816,58.23827464,55.3562784,57.28950523,Peaty Soil,Black gram,Organic Fertilizer
0.498920375,56.9412927,-37.64973873,72.60738325,Neutral Soil,Black gram,DAP
0.541372372,55.78319255,106.9064998,88.13418675,Neutral Soil,Black gram,Water Retaining Fertilizer
0.227436131,60.21632092,68.32167666,54.23473804,Peaty Soil,Black gram,Compost
0.706034768,56.65001147,149.7241647,140.1868948,Loamy Soil,Black gram,Balanced NPK Fertilizer
0.785837557,58.92531638,54.61410545,51.83794143,Peaty Soil,Black gram,Organic Fertilizer
0.502735725,57.82922964,86.49613866,79.72229928,Neutral Soil,Black gram,Compost
0.568824241,58.74834899,77.88674161,57.127501,Neutral Soil,Black gram,Compost
0.633686336,56.81914608,85.7232675,76.14138728,Loamy Soil,Black gram,Compost
0.464774467,56.03829937,54.97058982,55.12333981,Peaty Soil,Black gram,Water Retaining Fertilizer
0.588297118,56.30427884,65.29598889,54.40120396,Peaty Soil,Black gram,Water Retaining Fertilizer
0.483895564,57.54714175,76.9688739,61.22606617,Neutral Soil,Black gram,Water Retaining Fertilizer
0.413669647,58.15894418,148.3559624,152.1778336,Neutral Soil,Black gram,Water Retaining Fertilizer
0.453166113,55.17441419,127.5493981,82.9690482,Neutral Soil,Black gram,Water Retaining Fertilizer
0.575929572,59.54583061,134.2880553,143.0407416,Neutral Soil,Black gram,Compost
0.592931637,56.81689052,108.3219017,74.05775212,Neutral Soil,Black gram,Water Retaining Fertilizer
0.227436131,58.79468664,94.91666373,73.10020806,Neutral Soil,Black gram,Gypsum
0.43807869,57.04505643,-37.64973873,61.27547208,Neutral Soil,Black gram,DAP
0.578211724,53.61658097,140.2602418,118.7681578,Neutral Soil,Black gram,Water Retaining Fertilizer
0.435250633,57.4421794,81.88786884,49.33818955,Peaty Soil,Black gram,Muriate of Potash
0.46265256,58.3898441,147.9313205,94.44695874,Neutral Soil,Black gram,Compost
0.725096354,56.50332655,133.8295383,108.8029236,Loamy Soil,Black gram,Balanced NPK Fertilizer
0.635406982,56.57071542,85.97854771,55.81603694,Loamy Soil,Black gram,Water Retaining Fertilizer
0.541131862,58.04505898,141.3944734,118.9728804,Neutral Soil,Black gram,Water Retaining Fertilizer
0.68823062,56.85904101,71.55060999,69.94868418,Loamy Soil,Black gram,Water Retaining Fertilizer
0.644222167,59.87386057,104.3234737,61.23801837,Loamy Soil,Black gram,Water Retaining Fertilizer
0.972361206,56.67583924,177.3144812,132.5250862,Loamy Soil,Black gram,Gypsum
0.777361784,60.00354123,106.1612042,77.47935286,Loamy Soil,Black gram,Balanced NPK Fertilizer
0.804518545,35.52771842,135.9797109,145.9328563,Loamy Soil,Black gram,Urea
0.75034578,56.91932505,74.5077322,61.43911776,Peaty Soil,Black gram,Organic Fertilizer
0.513180818,56.00751013,177.3144812,100.943569,Neutral Soil,Black gram,Water Retaining Fertilizer
0.643559455,60.10199747,141.73302,115.5792527,Loamy Soil,Black gram,Compost
0.75657048,58.62656961,135.8325706,78.45070385,Loamy Soil,Black gram,Balanced NPK Fertilizer
0.773241531,58.84536298,81.8376264,64.94615291,Loamy Soil,Black gram,Balanced NPK Fertilizer
0.809839438,59.17714755,64.27065154,63.93877868,Peaty Soil,Black gram,Organic Fertilizer
0.553249421,57.93030648,77.95265039,59.44227036,Neutral Soil,Black gram,Water Retaining Fertilizer
0.654083089,58.25470456,106.1340887,74.9358228,Loamy Soil,Black gram,Water Retaining Fertilizer
0.736914377,58.59248977,71.77433187,66.80896833,Loamy Soil,Black gram,Balanced NPK Fertilizer
0.547489487,56.41755206,55.39160236,60.532431,Peaty Soil,Black gram,Gypsum
0.698796568,59.51523966,85.23521677,67.64726715,Loamy Soil,Black gram,Water Retaining Fertilizer
0.796193745,60.446699,83.92449577,57.18332519,Loamy Soil,Black gram,Balanced NPK Fertilizer
0.672114369,58.97199585,61.18373077,62.48399817,Alkaline Soil,Black gram,Compost
0.790060385,58.27231273,145.6415294,95.75525735,Loamy Soil,Black gram,Balanced NPK Fertilizer
0.485201094,53.83002148,80.05388397,57.34220273,Neutral Soil,Black gram,Water Retaining Fertilizer
0.469346103,54.5558679,155.678133,106.1491341,Neutral Soil,Black gram,Water Retaining Fertilizer
0.700824438,60.52664326,177.3144812,67.07256904,Loamy Soil,Black gram,Balanced NPK Fertilizer
0.627625791,58.96400149,177.3144812,71.75444732,Neutral Soil,Black gram,Compost
0.808811442,58.42942121,76.5049612,59.55651156,Loamy Soil,Black gram,Balanced NPK Fertilizer
0.502403678,55.4947857,76.20050714,54.50479034,Neutral Soil,Black gram,Water Retaining Fertilizer
0.646036032,55.85077203,64.64307624,43.16740923,Alkaline Soil,Black gram,Muriate of Potash
0.577032256,57.10025539,97.25806863,67.95974746,Loamy Soil,Black gram,Water Retaining Fertilizer
0.607794479,35.52771842,63.68019448,51.80872005,Peaty Soil,Black gram,Urea
0.580601317,57.96682605,159.2368441,124.2903272,Loamy Soil,Black gram,Compost
0.43219824,58.79791052,87.39643759,55.68645288,Neutral Soil,Black gram,Water Retaining Fertilizer
0.509797978,60.15414628,81.91814203,66.41923527,Neutral Soil,Black gram,Water Retaining Fertilizer
0.784993335,55.52149458,74.85772291,61.09883816,Loamy Soil,Black gram,Compost
0.764142379,35.52771842,128.6490417,100.0146378,Loamy Soil,Black gram,Urea
0.640396072,56.79048643,101.9762985,77.20728475,Loamy Soil,Black gram,Compost
0.403592824,58.33155221,53.46090708,55.99845959,Peaty Soil,Black gram,Water Retaining Fertilizer
0.537402838,56.7206231,65.39127636,65.20645379,Peaty Soil,Black gram,Compost
0.66518834,58.15750095,122.7602841,74.68963853,Loamy Soil,Black gram,Water Retaining Fertilizer
0.579055137,57.19651248,62.86020389,63.38857892,Neutral Soil,Black gram,Water Retaining Fertilizer
0.758939789,57.63870185,144.3852277,116.7508312,Loamy Soil,Black gram,Balanced NPK Fertilizer
0.677889813,54.03404224,58.21772532,65.29369178,Alkaline Soil,Black gram,Compost
0.486405736,54.03156203,89.26546984,68.65479554,Neutral Soil,Black gram,Water Retaining Fertilizer
0.689852988,53.84665534,68.57285365,45.96832747,Peaty Soil,Black gram,Muriate of Potash
0.753072371,57.44144441,137.8900046,146.1532386,Loamy Soil,Black gram,Balanced NPK Fertilizer
0.731665191,56.6649466,119.0713769,69.94643599,Loamy Soil,Black gram,Compost
0.723803242,59.73318083,139.5541242,99.46903961,Loamy Soil,Black gram,Balanced NPK Fertilizer
0.381464761,57.56372947,88.41200674,64.03823352,Neutral Soil,Black gram,Compost
0.58086624,58.00338578,72.54467341,63.34507813,Neutral Soil,Black gram,Water Retaining Fertilizer
0.72104107,56.49465251,80.0989723,66.51281336,Loamy Soil,Black gram,Balanced NPK Fertilizer
0.509116713,58.58531436,63.28440506,56.65240563,Peaty Soil,Black gram,Water Retaining Fertilizer
0.795376896,55.76237491,78.66758695,67.52948401,Loamy Soil,Black gram,Balanced NPK Fertilizer
0.71240446,55.02646172,82.33538367,57.7413768,Loamy Soil,Black gram,Balanced NPK Fertilizer
0.972361206,58.4685228,148.9232136,151.9130313,Loamy Soil,Black gram,Balanced NPK Fertilizer
0.643152033,58.77850869,79.6749563,63.5618584,Loamy Soil,Black gram,Water Retaining Fertilizer
0.569583956,57.56695141,151.9754455,150.6610375,Loamy Soil,Black gram,Water Retaining Fertilizer
0.746914639,58.79437456,150.0255262,88.35793783,Loamy Soil,Black gram,Balanced NPK Fertilizer
0.61582107,59.3119276,85.49412733,68.46086579,Neutral Soil,Black gram,Water Retaining Fertilizer
0.637969265,57.26814684,137.4513959,97.12268891,Loamy Soil,Black gram,Water Retaining Fertilizer
0.558571157,59.64425259,136.41498,84.38516183,Neutral Soil,Black gram,Water Retaining Fertilizer
0.460526959,57.38245908,123.2482028,141.5941109,Neutral Soil,Black gram,Compost
0.74657973,55.44482895,-37.64973873,73.95660761,Loamy Soil,Black gram,DAP
0.531442751,60.42632509,108.158486,72.35317189,Neutral Soil,Black gram,Water Retaining Fertilizer
0.760535793,55.10042608,57.70018629,70.09461365,Loamy Soil,Black gram,Compost
0.521750301,57.48263015,130.0121985,115.5906018,Neutral Soil,Black gram,Water Retaining Fertilizer
0.769941634,58.01529996,134.1737168,103.4916288,Loamy Soil,Black gram,Balanced NPK Fertilizer
0.600649162,55.53846283,64.07400639,43.85530507,Peaty Soil,Black gram,Muriate of Potash
0.431347289,57.48784643,116.1340191,81.98827843,Neutral Soil,Black gram,Compost
0.450952009,58.39844082,98.03571528,63.41842049,Neutral Soil,Black gram,Lime
0.750269865,59.25130835,65.36193769,54.4374895,Loamy Soil,Black gram,Balanced NPK Fertilizer
0.544263152,67.68853136,54.98624568,65.40590549,Acidic Soil,Adzuki Beans,Water Retaining Fertilizer
0.414887107,76.09413777,55.9628997,79.68904867,Neutral Soil,Adzuki Beans,Water Retaining Fertilizer
0.429510412,61.52805429,41.71456599,38.37857116,Acidic Soil,Adzuki Beans,DAP
0.671031317,60.92610918,44.89747203,46.40561629,Acidic Soil,Adzuki Beans,DAP
0.678135451,72.43391267,79.07176097,94.01068637,Loamy Soil,Adzuki Beans,Water Retaining Fertilizer
0.487734534,70.02959985,36.9602005,41.67352627,Acidic Soil,Adzuki Beans,DAP
0.710819033,60.02151504,50.56770594,52.96018095,Peaty Soil,Adzuki Beans,Organic Fertilizer
0.487558014,65.6510357,42.3150067,65.68543507,Acidic Soil,Adzuki Beans,DAP
0.4635864,60.63738264,143.1112367,142.9115305,Neutral Soil,Adzuki Beans,Compost
0.645538027,61.22974652,72.07901437,77.27818056,Loamy Soil,Adzuki Beans,Compost
0.812028254,65.55731924,70.56845643,65.9461972,Loamy Soil,Adzuki Beans,Gypsum
0.788055916,56.62592678,45.52492993,45.60466609,Peaty Soil,Adzuki Beans,DAP
0.449758438,55.99688001,141.5362163,137.0834489,Neutral Soil,Adzuki Beans,Water Retaining Fertilizer
0.655665224,35.52771842,57.64541622,52.04149431,Acidic Soil,Adzuki Beans,Urea
0.737517561,67.76371828,43.90707976,47.88241846,Acidic Soil,Adzuki Beans,DAP
0.806418797,72.1141563,40.72293153,50.80803572,Peaty Soil,Adzuki Beans,DAP
0.776309345,62.48668299,45.56218025,46.76733617,Acidic Soil,Adzuki Beans,DAP
0.698296994,59.06504696,55.9358581,38.56324474,Acidic Soil,Adzuki Beans,Muriate of Potash
0.819132319,72.40024676,82.65810916,108.8447714,Loamy Soil,Adzuki Beans,Balanced NPK Fertilizer
0.542172707,68.3254362,29.69982364,52.47213087,Acidic Soil,Adzuki Beans,DAP
0.432949287,62.207093,-37.64973873,110.3832234,Neutral Soil,Adzuki Beans,DAP
0.972361206,74.79939362,57.05454895,71.22460929,Acidic Soil,Adzuki Beans,General Purpose Fertilizer
0.4593733,62.17528672,66.5555149,62.37864098,Neutral Soil,Adzuki Beans,Water Retaining Fertilizer
0.571260347,75.55983049,54.65584449,159.5640307,Acidic Soil,Adzuki Beans,Lime
0.525327351,58.83815127,149.3339874,137.0845966,Neutral Soil,Adzuki Beans,Water Retaining Fertilizer
0.730905353,58.93072805,40.48892796,36.94515184,Peaty Soil,Adzuki Beans,DAP
0.703330236,72.51971926,128.9890111,132.0519038,Loamy Soil,Adzuki Beans,Balanced NPK Fertilizer
0.601601744,76.05779461,60.90720109,84.63908437,Acidic Soil,Adzuki Beans,Water Retaining Fertilizer
0.807379359,69.59119711,32.19661948,49.60361344,Peaty Soil,Adzuki Beans,DAP
0.557394783,59.44520931,52.66877988,44.35750407,Acidic Soil,Adzuki Beans,Muriate of Potash
0.61381724,61.65310475,71.30723011,67.13230552,Neutral Soil,Adzuki Beans,Compost
0.736488453,67.40973029,31.87717968,51.32636195,Peaty Soil,Adzuki Beans,DAP
0.667120442,71.39758259,33.32478444,53.51523307,Acidic Soil,Adzuki Beans,DAP
0.46355059,72.54665465,47.51504315,60.32281434,Acidic Soil,Adzuki Beans,DAP
0.724620635,66.30710539,41.24747454,52.02174593,Peaty Soil,Adzuki Beans,DAP
0.46510628,74.00943388,41.44361588,54.93701762,Acidic Soil,Adzuki Beans,DAP
0.452153816,62.16063183,90.34089051,63.59243023,Neutral Soil,Adzuki Beans,Water Retaining Fertilizer
0.409331831,68.24145943,55.18872485,74.53641277,Acidic Soil,Adzuki Beans,Water Retaining Fertilizer
0.795869981,67.95931611,46.38275434,159.5640307,Acidic Soil,Adzuki Beans,DAP
0.682954369,67.0272277,177.3144812,-20.50910839,Loamy Soil,Adzuki Beans,Muriate of Potash
0.433928275,67.23233539,135.3469218,111.5013932,Neutral Soil,Adzuki Beans,Water Retaining Fertilizer
0.972361206,58.64138735,53.33467708,54.91131406,Neutral Soil,Adzuki Beans,General Purpose Fertilizer
0.551778053,64.81601274,110.4272274,144.7787986,Neutral Soil,Adzuki Beans,Water Retaining Fertilizer
0.447071849,72.43843325,58.70032389,53.34935262,Acidic Soil,Adzuki Beans,Lime
0.732234931,66.86115447,140.9545273,140.3479755,Loamy Soil,Adzuki Beans,Balanced NPK Fertilizer
0.465955689,67.47836945,41.24932845,53.14561061,Acidic Soil,Adzuki Beans,DAP
0.452489014,64.18189684,36.1104823,45.93354093,Acidic Soil,Adzuki Beans,DAP
0.78228941,67.52473349,47.48228547,46.85715541,Peaty Soil,Adzuki Beans,DAP
0.63451031,75.95026352,64.58349587,73.61311464,Acidic Soil,Adzuki Beans,Water Retaining Fertilizer
0.366099601,61.47880352,33.54621596,50.85309109,Acidic Soil,Adzuki Beans,DAP
0.722521296,70.48423922,-37.64973873,141.1868352,Loamy Soil,Adzuki Beans,DAP
0.72419133,68.62088783,60.75370423,57.77448745,Acidic Soil,Adzuki Beans,Lime
0.71231168,72.0778236,177.3144812,-20.50910839,Acidic Soil,Adzuki Beans,Muriate of Potash
0.42929165,60.23383932,36.28499551,51.8019017,Acidic Soil,Adzuki Beans,DAP
0.548083132,62.13793094,41.15508125,58.13786653,Acidic Soil,Adzuki Beans,DAP
0.972361206,59.25876924,42.06384189,56.92014364,Acidic Soil,Adzuki Beans,DAP
0.693773019,63.89207264,57.17380428,52.42152032,Peaty Soil,Adzuki Beans,Gypsum
0.764534083,60.96604875,33.21686991,56.04638407,Acidic Soil,Adzuki Beans,DAP
0.709083473,61.58639537,111.9659683,81.79677885,Loamy Soil,Adzuki Beans,Balanced NPK Fertilizer
0.55430592,71.70908408,102.5652355,-20.50910839,Loamy Soil,Adzuki Beans,Muriate of Potash
0.645527508,58.83907656,37.46566702,47.54064209,Acidic Soil,Adzuki Beans,DAP
0.709872491,59.8475891,67.29498387,88.42392426,Loamy Soil,Adzuki Beans,Balanced NPK Fertilizer
0.702419852,65.78297314,143.8148216,152.5121384,Loamy Soil,Adzuki Beans,Balanced NPK Fertilizer
0.705010248,71.01203419,49.90502812,66.35177899,Acidic Soil,Adzuki Beans,DAP
0.636390915,70.10731573,43.25596197,56.92860569,Acidic Soil,Adzuki Beans,DAP
0.41484102,65.81541653,177.3144812,52.63923447,Acidic Soil,Adzuki Beans,Lime
0.590745886,68.3192705,152.2855162,141.5624782,Loamy Soil,Adzuki Beans,Water Retaining Fertilizer
0.654226438,67.04297461,-37.64973873,44.87970466,Peaty Soil,Adzuki Beans,DAP
0.507585084,68.54506698,146.8656471,147.4412757,Neutral Soil,Adzuki Beans,Water Retaining Fertilizer
0.455433626,59.32784975,28.45553022,40.72070807,Acidic Soil,Adzuki Beans,DAP
0.751690959,58.08444541,54.62926105,51.62246423,Peaty Soil,Adzuki Beans,Organic Fertilizer
0.734821771,56.61670666,59.82457561,40.51839488,Peaty Soil,Adzuki Beans,Muriate of Potash
0.460210942,66.36620201,51.75105072,-20.50910839,Acidic Soil,Adzuki Beans,Muriate of Potash
0.556493159,67.93386611,39.71850133,50.04793976,Acidic Soil,Adzuki Beans,DAP
0.429253476,75.85820562,55.17185777,57.47690015,Acidic Soil,Adzuki Beans,Compost
0.743631517,58.86484457,138.8278412,141.6755916,Loamy Soil,Adzuki Beans,Compost
0.728480263,62.06347214,177.3144812,41.92214071,Acidic Soil,Adzuki Beans,Muriate of Potash
0.499248704,67.04412265,37.35489657,46.29676511,Acidic Soil,Adzuki Beans,DAP
0.227436131,86.96971052,43.67459407,55.15554567,Acidic Soil,Adzuki Beans,DAP
0.227436131,71.51916319,143.4534512,156.0527432,Loamy Soil,Adzuki Beans,Compost
0.227436131,69.70232142,138.6067374,148.6175057,Loamy Soil,Adzuki Beans,Compost
0.778160325,61.37031832,63.96475758,53.84320876,Peaty Soil,Adzuki Beans,Compost
0.369507159,67.35323822,92.40463144,84.90271146,Neutral Soil,Adzuki Beans,Compost
0.469427905,66.13176137,56.17397137,63.76639878,Acidic Soil,Adzuki Beans,Water Retaining Fertilizer
0.42994701,35.52771842,74.14609821,130.5454227,Neutral Soil,Adzuki Beans,Urea
0.633277585,69.11511351,60.22408437,84.85648287,Loamy Soil,Adzuki Beans,Water Retaining Fertilizer
0.649178348,59.71403853,31.94528658,43.69888613,Acidic Soil,Adzuki Beans,DAP
0.575346609,58.65679889,79.25997223,67.48740509,Neutral Soil,Adzuki Beans,Compost
0.494810945,75.86263461,40.25068724,56.16653109,Acidic Soil,Adzuki Beans,DAP
0.972361206,71.28817635,60.48709699,76.53619363,Acidic Soil,Adzuki Beans,General Purpose Fertilizer
0.689317798,72.54741675,64.71077848,130.3021414,Loamy Soil,Adzuki Beans,Compost
0.808669443,60.33145376,60.26770981,56.89337797,Acidic Soil,Adzuki Beans,Compost
0.785206274,69.86963491,60.37961065,69.03500375,Loamy Soil,Adzuki Beans,Balanced NPK Fertilizer
0.41609439,69.72022027,43.20358624,49.51295689,Acidic Soil,Adzuki Beans,DAP
0.609531695,67.67375159,24.18561276,51.34284425,Acidic Soil,Adzuki Beans,DAP
0.639873627,64.11900278,44.05224556,60.86510682,Acidic Soil,Adzuki Beans,DAP
0.462526526,65.7264463,44.62046507,58.00414222,Acidic Soil,Adzuki Beans,DAP
0.567458694,75.58245548,73.87749507,103.3156404,Neutral Soil,Adzuki Beans,Water Retaining Fertilizer
0.739166135,63.03472705,148.6857535,161.0679819,Loamy Soil,Adzuki Beans,Balanced NPK Fertilizer
0.792698982,35.52771842,73.08094637,74.23743767,Loamy Soil,Adzuki Beans,Urea
0.453463362,65.19256045,49.63612283,55.16180557,Acidic Soil,Pigeon Peas,DAP
0.798357938,67.1859621,47.25885069,39.43106879,Peaty Soil,Pigeon Peas,DAP
0.673739617,58.92080854,34.64195088,159.5640307,Acidic Soil,Pigeon Peas,DAP
0.476799791,61.97572511,47.18867462,64.75378339,Acidic Soil,Pigeon Peas,DAP
0.475676703,66.06258698,51.2563989,159.5640307,Acidic Soil,Pigeon Peas,Lime
0.679029072,59.87403378,53.21345874,81.30309832,Acidic Soil,Pigeon Peas,Water Retaining Fertilizer
0.670268196,60.37806333,39.48784162,46.19677066,Acidic Soil,Pigeon Peas,DAP
0.575781279,63.14686694,40.2384893,59.57294566,Acidic Soil,Pigeon Peas,DAP
0.598767002,59.54871888,47.04256723,43.33053994,Acidic Soil,Pigeon Peas,DAP
0.524299211,64.66153045,35.65083919,52.40957694,Acidic Soil,Pigeon Peas,DAP
0.734048639,59.56567062,38.84726876,50.65331185,Peaty Soil,Pigeon Peas,DAP
0.747884808,60.16014859,56.35640112,89.84183647,Loamy Soil,Pigeon Peas,Balanced NPK Fertilizer
0.698111049,56.68531952,33.03077828,53.47689519,Acidic Soil,Pigeon Peas,DAP
0.779530658,86.96971052,79.74255861,87.47931797,Loamy Soil,Pigeon Peas,Balanced NPK Fertilizer
0.658513975,58.73746416,62.63212926,62.94819181,Acidic Soil,Pigeon Peas,Water Retaining Fertilizer
0.535999019,56.31584859,31.04444168,51.96463398,Acidic Soil,Pigeon Peas,DAP
0.551012075,57.49752974,23.77944076,50.40045162,Acidic Soil,Pigeon Peas,DAP
0.723334541,54.67025095,42.02027543,50.0650448,Peaty Soil,Pigeon Peas,DAP
0.691228203,64.69767743,42.18788747,44.98182812,Acidic Soil,Pigeon Peas,DAP
0.469336311,86.96971052,38.89533617,43.60052968,Acidic Soil,Pigeon Peas,DAP
0.803352313,60.90839755,38.68079989,44.17591422,Acidic Soil,Pigeon Peas,DAP
0.475383031,86.96971052,44.54862488,62.01137215,Acidic Soil,Pigeon Peas,DAP
0.779128396,61.4578174,57.79617686,76.6448384,Peaty Soil,Pigeon Peas,Organic Fertilizer
0.786072194,59.12590438,62.77347415,60.28282574,Peaty Soil,Pigeon Peas,Organic Fertilizer
0.426017735,52.71524992,27.80753534,34.91014511,Acidic Soil,Pigeon Peas,DAP
0.498228627,58.76265293,31.37954522,65.37694218,Acidic Soil,Pigeon Peas,DAP
0.727425089,61.52777431,37.60130207,56.66324193,Acidic Soil,Pigeon Peas,DAP
0.568445054,59.2306726,35.84837016,40.63238777,Acidic Soil,Pigeon Peas,DAP
0.553916959,58.0923387,32.29493584,159.5640307,Acidic Soil,Pigeon Peas,DAP
0.595428322,60.21020143,67.71847894,109.3635563,Neutral Soil,Pigeon Peas,Water Retaining Fertilizer
0.63162082,55.88263363,36.34893756,54.58725409,Acidic Soil,Pigeon Peas,DAP
0.431383855,68.3507615,41.04254466,43.05790248,Acidic Soil,Pigeon Peas,DAP
0.514584558,61.22208383,40.61245499,42.53522057,Acidic Soil,Pigeon Peas,DAP
0.732880043,58.66901028,154.2204061,141.3344956,Loamy Soil,Pigeon Peas,Balanced NPK Fertilizer
0.481060709,61.71638744,22.50335111,54.97830366,Acidic Soil,Pigeon Peas,DAP
0.758241288,57.93422089,44.85223595,61.36342399,Peaty Soil,Pigeon Peas,DAP
0.470955846,58.52969818,31.27984482,45.30915309,Acidic Soil,Pigeon Peas,DAP
0.779404954,60.9723188,87.45596567,151.2411376,Loamy Soil,Pigeon Peas,Balanced NPK Fertilizer
0.775711149,54.14652938,50.16075503,71.04572941,Loamy Soil,Pigeon Peas,Compost
0.511645876,57.84557705,38.39138482,49.55208285,Acidic Soil,Pigeon Peas,DAP
0.426091163,59.64065773,39.0364533,75.05482516,Acidic Soil,Pigeon Peas,DAP
0.481941226,58.42545465,36.97487121,75.77754305,Acidic Soil,Pigeon Peas,DAP
0.485831846,62.84098239,37.16331682,159.5640307,Acidic Soil,Pigeon Peas,DAP
0.592448954,63.22272042,38.60199232,59.85729636,Acidic Soil,Pigeon Peas,DAP
0.592054654,57.37950295,27.58871209,44.53261602,Acidic Soil,Pigeon Peas,DAP
0.588712581,57.96552197,129.6112178,136.4678547,Neutral Soil,Pigeon Peas,Water Retaining Fertilizer
0.768805449,63.15180692,40.51038977,75.65580087,Peaty Soil,Pigeon Peas,DAP
0.609819965,64.51525599,142.5908582,145.9951163,Loamy Soil,Pigeon Peas,Compost
0.616845308,68.48685984,42.87345461,53.98380207,Acidic Soil,Pigeon Peas,DAP
0.972361206,59.2391538,49.82302816,159.5640307,Acidic Soil,Pigeon Peas,DAP
0.765561592,61.44016468,35.84746894,46.48430294,Peaty Soil,Pigeon Peas,DAP
0.683815248,58.16898612,27.81689117,49.32772954,Acidic Soil,Pigeon Peas,DAP
0.972361206,61.91356284,33.68941622,45.65646637,Peaty Soil,Pigeon Peas,DAP
0.972361206,63.28357138,69.96191396,98.02030944,Loamy Soil,Pigeon Peas,Balanced NPK Fertilizer
0.527019858,61.41454089,30.48478009,49.15549673,Acidic Soil,Pigeon Peas,DAP
0.552258519,60.72322908,32.79238289,58.25561096,Acidic Soil,Pigeon Peas,DAP
0.554683943,57.83801055,40.73242993,62.23977672,Acidic Soil,Pigeon Peas,DAP
0.735383717,61.1463154,41.51218648,57.15743217,Peaty Soil,Pigeon Peas,DAP
0.524920975,53.89246016,41.17274068,65.02812585,Neutral Soil,Pigeon Peas,DAP
0.388662017,55.6855986,38.02614481,45.28177744,Acidic Soil,Pigeon Peas,DAP
0.716093147,63.77942491,42.18214962,49.44781077,Peaty Soil,Pigeon Peas,DAP
0.779101608,60.01130576,36.02767916,52.36854186,Peaty Soil,Pigeon Peas,DAP
0.753447333,63.41136552,32.38784881,54.821233,Peaty Soil,Pigeon Peas,DAP
0.677837078,59.36706647,66.42430773,70.00044359,Acidic Soil,Pigeon Peas,Water Retaining Fertilizer
0.782330467,61.63878692,143.4939804,146.3700796,Loamy Soil,Pigeon Peas,Balanced NPK Fertilizer
0.539144146,64.31126908,88.3266667,111.48099,Neutral Soil,Pigeon Peas,Water Retaining Fertilizer
0.740869944,64.35356073,51.27244126,69.80353975,Acidic Soil,Pigeon Peas,Compost
0.529297619,68.52491681,36.51274369,52.44703086,Acidic Soil,Pigeon Peas,DAP
0.642512453,63.41005755,30.8656115,34.0036328,Acidic Soil,Pigeon Peas,DAP
0.775519342,61.25965174,60.69962114,96.5683126,Loamy Soil,Pigeon Peas,Balanced NPK Fertilizer
0.723064724,57.7634213,-37.64973873,38.9869647,Peaty Soil,Pigeon Peas,DAP
0.629652252,64.40445752,53.25502237,80.63077478,Acidic Soil,Pigeon Peas,Water Retaining Fertilizer
0.759283414,57.0857824,40.57332517,55.17143083,Acidic Soil,Pigeon Peas,DAP
0.353939377,69.37031982,53.75296755,53.25893642,Acidic Soil,Pigeon Peas,Lime
0.650239892,55.31349601,21.16260204,51.73828285,Acidic Soil,Pigeon Peas,DAP
0.474014117,63.25560263,82.25695054,98.91305818,Neutral Soil,Pigeon Peas,Lime
0.439780828,63.22749621,38.14679522,52.27220451,Acidic Soil,Pigeon Peas,DAP
0.715213277,63.15029734,36.5764072,45.3623708,Peaty Soil,Pigeon Peas,DAP
0.681159401,69.31690257,-37.64973873,78.72711661,Acidic Soil,Pigeon Peas,DAP
0.767380044,60.3386077,35.80755489,59.349539,Peaty Soil,Pigeon Peas,DAP
0.429950967,58.92212659,50.9172967,64.91294487,Acidic Soil,Pigeon Peas,Lime
0.723062117,55.9169226,143.3261713,143.070938,Loamy Soil,Pigeon Peas,Balanced NPK Fertilizer
0.696797957,55.75826495,43.18404995,54.43851772,Acidic Soil,Pigeon Peas,DAP
0.631641393,62.89507586,39.8661854,84.94426365,Acidic Soil,Pigeon Peas,DAP
0.466220082,67.7022195,177.3144812,159.5640307,Acidic Soil,Pigeon Peas,Gypsum
0.422003973,58.42925263,143.7145195,149.7290397,Neutral Soil,Pigeon Peas,Water Retaining Fertilizer
0.493897598,63.32476628,40.42436485,159.5640307,Acidic Soil,Pigeon Peas,DAP
0.686279365,59.33487767,141.1544092,139.5496148,Loamy Soil,Pigeon Peas,Water Retaining Fertilizer
0.545076382,63.76164151,134.9882573,145.5409082,Neutral Soil,Pigeon Peas,Compost
0.47974833,60.59085822,35.44485044,45.29390841,Acidic Soil,Pigeon Peas,DAP
0.457732672,63.31481018,-37.64973873,50.61674491,Acidic Soil,Pigeon Peas,DAP
0.495833278,59.90689639,40.09047533,42.73214989,Acidic Soil,Pigeon Peas,DAP
0.630414863,58.67974913,35.37183917,67.57975504,Acidic Soil,Pigeon Peas,DAP
0.445028536,57.52383798,51.6566745,45.89295613,Acidic Soil,Pigeon Peas,Muriate of Potash
0.504954203,64.13829164,177.3144812,61.38640322,Acidic Soil,Pigeon Peas,Lime
0.496721918,68.03739192,138.3626086,137.9955661,Neutral Soil,Pigeon Peas,Water Retaining Fertilizer
0.680253679,63.4373454,95.64460708,-20.50910839,Loamy Soil,Pigeon Peas,Muriate of Potash
0.580762155,62.28972411,136.8648188,143.7292216,Neutral Soil,Pigeon Peas,Water Retaining Fertilizer
0.630056495,62.51365429,60.63436805,69.71213047,Acidic Soil,Pigeon Peas,Water Retaining Fertilizer
0.972361206,54.98710915,33.31298632,51.32919497,Acidic Soil,Pigeon Peas,DAP
0.466181831,52.2260664,42.55406931,57.68107194,Neutral Soil,Chickpea,DAP
0.737605456,50.29710898,70.73294485,152.7296859,Loamy Soil,Chickpea,Balanced NPK Fertilizer
0.429730529,52.30872714,50.16141189,49.40949366,Acidic Soil,Chickpea,Muriate of Potash
0.39070857,52.19382772,33.57508762,58.22074409,Acidic Soil,Chickpea,DAP
0.595386697,54.32043779,73.64352674,113.2710424,Loamy Soil,Chickpea,Water Retaining Fertilizer
0.528228626,52.52774409,28.31251311,59.01112162,Acidic Soil,Chickpea,DAP
0.545802663,49.62669843,35.70382,57.88523263,Acidic Soil,Chickpea,Urea
0.621541024,51.7990809,29.44915356,51.99498395,Alkaline Soil,Chickpea,DAP
0.750779267,51.66026042,75.89020667,147.8391317,Loamy Soil,Chickpea,Balanced NPK Fertilizer
0.427107102,47.84250194,34.92441881,39.31032714,Alkaline Soil,Chickpea,Urea
0.721850872,52.65858891,46.0930546,52.03284514,Alkaline Soil,Chickpea,DAP
0.621306038,49.29826179,45.28218005,55.75285224,Peaty Soil,Chickpea,Urea
0.529021582,51.51664573,39.38475736,61.15590175,Neutral Soil,Chickpea,DAP
0.745659615,50.99637814,34.25418194,46.35528996,Peaty Soil,Chickpea,DAP
0.565793792,51.26601665,44.54488193,66.21939615,Loamy Soil,Chickpea,DAP
0.424512897,54.2343864,39.91708218,57.20521705,Acidic Soil,Chickpea,DAP
0.487394853,53.90808588,28.41874094,56.32739052,Peaty Soil,Chickpea,DAP
0.558916928,49.11855987,32.30403171,46.49083387,Peaty Soil,Chickpea,Urea
0.590225548,52.88896023,57.12511004,76.58800216,Loamy Soil,Chickpea,Water Retaining Fertilizer
0.80880896,52.47038112,41.92125543,63.3913342,Peaty Soil,Chickpea,DAP
0.436666162,50.59859964,38.57834013,59.85351734,Alkaline Soil,Chickpea,DAP
0.51610139,49.47770484,32.00324702,50.79111313,Peaty Soil,Chickpea,Urea
0.7136395,50.52843345,35.2407097,33.74062392,Peaty Soil,Chickpea,DAP
0.467203068,50.54648574,-37.64973873,74.41882287,Neutral Soil,Chickpea,DAP
0.55367604,52.6478346,40.05353519,43.43274273,Peaty Soil,Chickpea,DAP
0.525825026,50.16625929,27.09968284,60.22315674,Acidic Soil,Chickpea,DAP
0.844804394,49.66574927,35.27979776,45.85518422,Peaty Soil,Chickpea,Urea
0.599651337,53.4013897,34.62946029,65.35717753,Peaty Soil,Chickpea,DAP
0.227436131,50.40311783,43.91222304,43.7594023,Peaty Soil,Chickpea,DAP
0.405255115,47.23345013,57.94766298,87.10488277,Neutral Soil,Chickpea,Urea
0.801423556,50.32971988,45.51060325,63.47537129,Loamy Soil,Chickpea,DAP
0.227436131,35.52771842,41.7949894,49.3291967,Acidic Soil,Chickpea,Urea
0.739521717,51.69577839,24.79099986,35.77351923,Alkaline Soil,Chickpea,DAP
0.581263398,51.32706139,28.92504847,51.53022713,Peaty Soil,Chickpea,DAP
0.451366216,51.51391543,26.55952605,58.45022311,Peaty Soil,Chickpea,DAP
0.599296012,86.96971052,32.48577115,62.54833061,Acidic Soil,Chickpea,DAP
0.39925902,49.91211119,30.56239227,44.87954902,Alkaline Soil,Chickpea,Urea
0.47944725,51.20140146,37.42520314,51.75272483,Peaty Soil,Chickpea,DAP
0.414432355,51.50818362,-37.64973873,133.2148505,Neutral Soil,Chickpea,DAP
0.972361206,49.65518776,44.90274504,159.5640307,Acidic Soil,Chickpea,Urea
0.972361206,53.77190397,23.37656389,54.79262762,Peaty Soil,Chickpea,DAP
0.495426612,50.86189135,21.64890582,49.47612592,Peaty Soil,Chickpea,DAP
0.485068884,51.12915026,25.22601481,50.62853853,Peaty Soil,Chickpea,DAP
0.551825532,51.89227787,40.72349672,48.76573582,Peaty Soil,Chickpea,DAP
0.489986098,52.3079296,29.25922967,43.88088804,Acidic Soil,Chickpea,DAP
0.420003115,50.43699478,44.75559483,64.34819249,Neutral Soil,Chickpea,DAP
0.495850029,51.22192991,24.04255005,48.1419052,Peaty Soil,Chickpea,DAP
0.794817621,49.19788847,33.14824606,58.1879205,Peaty Soil,Chickpea,Urea
0.533509656,49.53428132,40.93439879,61.25174878,Neutral Soil,Chickpea,Urea
0.669146388,48.55126192,72.82672323,127.8377726,Loamy Soil,Chickpea,Urea
0.635393674,51.10507743,43.99052354,55.07051442,Peaty Soil,Chickpea,DAP
0.723122961,49.85717073,57.57961537,111.3207983,Loamy Soil,Chickpea,Urea
0.454815196,49.49857651,45.05377913,57.9890823,Neutral Soil,Chickpea,Urea
0.741791315,49.62656795,177.3144812,49.0256576,Alkaline Soil,Chickpea,Urea
0.675312891,51.2722699,33.62588218,50.08023189,Peaty Soil,Chickpea,DAP
0.483979185,51.5071609,12.44588796,61.01666301,Peaty Soil,Chickpea,DAP
0.458875788,86.96971052,58.01749101,52.10237642,Acidic Soil,Chickpea,Compost
0.360033992,50.84066774,48.69260396,65.95281017,Neutral Soil,Chickpea,DAP
0.661943268,53.59065449,23.03295991,44.33588453,Peaty Soil,Chickpea,DAP
0.581594531,51.07172783,30.91811618,54.81709157,Peaty Soil,Chickpea,DAP
0.55419775,49.99686755,34.24301096,55.31913507,Neutral Soil,Chickpea,Urea
0.76829536,51.27374292,69.7742772,150.0585529,Loamy Soil,Chickpea,Balanced NPK Fertilizer
0.972361206,49.55044669,43.3189186,82.04813919,Neutral Soil,Chickpea,Urea
0.72017602,49.40955489,31.19324396,61.80993362,Peaty Soil,Chickpea,Urea
0.451568377,50.0352106,38.52892202,62.16003834,Alkaline Soil,Chickpea,DAP
0.54534514,53.53476464,73.99632535,159.5640307,Neutral Soil,Chickpea,Water Retaining Fertilizer
0.594293047,53.96593404,33.18129239,64.46643858,Alkaline Soil,Chickpea,DAP
0.972361206,50.92124702,53.97387228,76.02585237,Neutral Soil,Chickpea,Compost
0.799188429,50.14621908,47.8742842,104.5410669,Loamy Soil,Chickpea,DAP
0.577928812,52.53565253,24.8191722,43.86690646,Alkaline Soil,Chickpea,DAP
0.390380712,51.19349662,34.27273391,54.75333231,Alkaline Soil,Chickpea,DAP
0.597416025,51.35537371,30.63327036,159.5640307,Alkaline Soil,Chickpea,DAP
0.635732328,52.70524472,42.07631535,66.54739361,Loamy Soil,Chickpea,DAP
0.653674141,51.39414062,177.3144812,77.46085742,Loamy Soil,Chickpea,Water Retaining Fertilizer
0.712192761,50.28191673,48.17897116,53.45717084,Alkaline Soil,Chickpea,DAP
0.718269118,52.76708568,31.83116363,65.31902229,Acidic Soil,Chickpea,DAP
0.792854952,53.50346841,34.02231068,64.84509818,Peaty Soil,Chickpea,DAP
0.648646417,50.03816518,38.17308458,51.24590543,Peaty Soil,Chickpea,DAP
0.589378841,50.45071975,52.55197068,81.40688212,Neutral Soil,Chickpea,Water Retaining Fertilizer
0.561660283,51.53289268,57.96307875,-20.50910839,Peaty Soil,Chickpea,Muriate of Potash
0.769193466,51.41330156,46.03308999,60.92268731,Loamy Soil,Chickpea,DAP
0.708964629,55.35095952,177.3144812,61.02211792,Loamy Soil,Chickpea,Balanced NPK Fertilizer
0.430634599,52.59213085,28.1985964,59.10339307,Neutral Soil,Chickpea,DAP
0.400184301,50.45844961,45.10682771,66.53472712,Neutral Soil,Chickpea,DAP
0.64234312,55.24414811,28.78310767,63.69602786,Acidic Soil,Chickpea,DAP
0.694105052,47.2009222,29.42201978,51.04868625,Alkaline Soil,Chickpea,Urea
0.757783357,51.65822616,41.549755,55.23625011,Acidic Soil,Chickpea,DAP
0.416500191,50.72185377,34.85852091,39.23043198,Peaty Soil,Chickpea,DAP
0.972361206,51.93659089,19.88836527,41.06541436,Peaty Soil,Chickpea,DAP
0.669786171,86.96971052,45.27602151,50.52991601,Peaty Soil,Chickpea,DAP
0.664726247,52.11135691,41.66811753,58.78910695,Acidic Soil,Chickpea,DAP
0.227436131,50.81448087,76.81764814,131.0803402,Neutral Soil,Chickpea,Water Retaining Fertilizer
0.631718091,51.09328537,28.15285483,51.89179109,Peaty Soil,Chickpea,DAP
0.457409043,50.43887479,39.00737374,59.51939346,Peaty Soil,Chickpea,DAP
0.483038154,50.44394362,78.35164201,139.4222804,Neutral Soil,Chickpea,Water Retaining Fertilizer
0.678416436,50.02233012,18.01673856,37.57699848,Peaty Soil,Chickpea,DAP
0.807416664,51.95397655,39.76050701,58.71414617,Peaty Soil,Chickpea,DAP
0.649683408,50.67583494,44.33892206,67.96367323,Loamy Soil,Chickpea,DAP
0.756421895,52.40457223,62.60726893,107.5691755,Loamy Soil,Chickpea,Compost
0.602738823,52.33395068,41.60613559,83.1227214,Loamy Soil,Chickpea,DAP
0.462429272,60.59325049,55.10762437,56.85281167,Acidic Soil,banana,Compost
0.529852525,62.79517557,54.85388038,54.09096393,Acidic Soil,banana,Lime
0.449984563,63.16741088,60.00665134,57.69235604,Acidic Soil,banana,Water Retaining Fertilizer
0.680267746,62.45013551,46.7684875,46.9513759,Acidic Soil,banana,DAP
0.509558492,62.55312017,40.9369078,42.92982833,Acidic Soil,banana,DAP
0.757561973,67.01433783,59.69391268,62.32964075,Acidic Soil,banana,General Purpose Fertilizer
0.637490313,59.37909685,66.6809194,48.35536046,Acidic Soil,banana,Muriate of Potash
0.379567073,63.28052942,36.42538007,54.59396756,Acidic Soil,banana,DAP
0.710155356,63.18528147,54.34503468,60.25598166,Peaty Soil,banana,Lime
0.733513526,61.98353496,50.6571121,51.57271324,Peaty Soil,banana,Gypsum
0.470816549,64.55333531,58.34748321,46.98099083,Acidic Soil,banana,Muriate of Potash
0.645877599,64.66540777,61.84100811,68.61406847,Acidic Soil,banana,Water Retaining Fertilizer
0.394997231,63.72027869,51.50961118,58.74067427,Acidic Soil,banana,Gypsum
0.777091155,61.70662899,47.72293649,59.07912209,Acidic Soil,banana,DAP
0.760231245,63.93351298,-37.64973873,60.51124637,Acidic Soil,banana,DAP
0.785162075,60.78266766,48.63555515,44.249821,Peaty Soil,banana,DAP
0.788621874,67.01836428,51.44128627,48.78211225,Peaty Soil,banana,Muriate of Potash
0.672480121,64.32673438,73.25830395,61.28781344,Acidic Soil,banana,Water Retaining Fertilizer
0.693381494,60.36136055,54.73910705,56.50271719,Acidic Soil,banana,Lime
0.775273604,66.48606781,60.96656052,55.48709933,Peaty Soil,banana,Organic Fertilizer
0.667122918,66.15988743,52.44947633,55.98266911,Acidic Soil,banana,Water Retaining Fertilizer
0.575841547,61.38412462,49.07146736,50.92115807,Acidic Soil,banana,DAP
0.360501563,62.00410155,67.43167493,44.63155698,Acidic Soil,banana,Muriate of Potash
0.422373902,62.55149672,65.57098626,55.75081039,Acidic Soil,banana,Gypsum
0.594827203,63.53360708,70.89272115,-20.50910839,Acidic Soil,banana,Muriate of Potash
0.601739483,61.17609456,65.38499388,62.84542053,Acidic Soil,banana,Compost
0.606457571,60.78748751,40.35921406,54.62476966,Acidic Soil,banana,DAP
0.671903548,63.94267836,57.95482315,58.48065528,Acidic Soil,banana,Compost
0.742521169,62.8749414,47.18500447,44.0628024,Peaty Soil,banana,DAP
0.618319755,60.50922698,41.47900159,53.31591186,Acidic Soil,banana,DAP
0.972361206,68.79369813,55.15518456,58.46900228,Acidic Soil,banana,General Purpose Fertilizer
0.702975529,64.08869494,74.87366028,63.93329275,Acidic Soil,banana,General Purpose Fertilizer
0.682452244,62.39836041,72.45629337,58.58774313,Acidic Soil,banana,Compost
0.470335811,60.43970466,43.90314798,35.46592097,Acidic Soil,banana,DAP
0.524072692,61.77974652,37.88629543,37.02813472,Acidic Soil,banana,DAP
0.594785749,60.42527819,71.12683108,66.92351188,Acidic Soil,banana,Water Retaining Fertilizer
0.606558715,65.85254374,48.57739321,65.59005912,Acidic Soil,banana,DAP
0.689703925,65.65740198,62.9952827,61.51926927,Acidic Soil,banana,Lime
0.751120755,61.50020346,52.27068372,56.97569278,Peaty Soil,banana,Lime
0.638640926,64.95234166,85.87475701,64.08945786,Acidic Soil,banana,Water Retaining Fertilizer
0.712160048,59.9847198,60.04676578,62.07405385,Acidic Soil,banana,Compost
0.553073159,59.89396346,41.88741211,53.34788608,Acidic Soil,banana,DAP
0.538423516,65.09050588,51.00621616,56.55004372,Acidic Soil,banana,Lime
0.693311759,65.58520927,53.04680609,63.93929377,Acidic Soil,banana,Compost
0.597114148,65.66673796,60.70142746,40.85259179,Acidic Soil,banana,Muriate of Potash
0.553314857,63.15920702,47.90283763,59.12543142,Acidic Soil,banana,DAP
0.529695016,62.23685411,52.20633548,60.30703748,Acidic Soil,banana,Lime
0.720812525,64.18175128,45.61397118,49.9185913,Peaty Soil,banana,DAP
0.494416267,62.8661373,53.11773766,49.41420969,Acidic Soil,banana,Muriate of Potash
0.721561922,65.57728845,53.25684891,66.73436295,Peaty Soil,banana,Lime
0.722081655,86.96971052,62.02613613,54.19277636,Peaty Soil,banana,Lime
0.58214298,60.37779046,46.06389982,50.15068671,Acidic Soil,banana,DAP
0.584627859,65.78565008,59.54955175,58.90337118,Acidic Soil,banana,Water Retaining Fertilizer
0.440665097,64.17104763,56.29329604,-20.50910839,Acidic Soil,banana,Muriate of Potash
0.761650926,66.44362885,59.97007338,159.5640307,Peaty Soil,banana,Lime
0.57161939,65.09112288,47.03452285,56.61737303,Acidic Soil,banana,DAP
0.678957265,63.45018743,79.64732311,60.74764623,Acidic Soil,banana,Compost
0.482032737,65.76106876,47.76820896,53.68538245,Acidic Soil,banana,DAP
0.616370827,63.66065355,46.01365485,40.75990238,Acidic Soil,banana,DAP
0.734189344,64.20489891,58.07836095,39.79134489,Peaty Soil,banana,Muriate of Potash
0.626399317,66.1393066,51.57726463,52.01156715,Acidic Soil,banana,Water Retaining Fertilizer
0.801615379,61.69344371,55.22791817,59.73669319,Peaty Soil,banana,Organic Fertilizer
0.659885779,62.86748992,55.62700647,49.47236965,Acidic Soil,banana,Muriate of Potash
0.799611908,64.73191879,48.98660306,38.48773613,Peaty Soil,banana,DAP
0.617459125,62.06308434,45.97290456,55.55243979,Acidic Soil,banana,DAP
0.389482738,63.56072034,53.86291032,56.56680573,Acidic Soil,banana,Lime
0.500699443,66.62704792,53.97675582,61.70124409,Acidic Soil,banana,Water Retaining Fertilizer
0.417422788,62.23957855,55.95059728,46.5527428,Acidic Soil,banana,Muriate of Potash
0.778839494,67.42293997,58.81789532,56.5844504,Peaty Soil,banana,Lime
0.537838407,64.53093683,49.15599112,48.65772478,Acidic Soil,banana,DAP
0.495825438,60.16911117,58.90185012,45.04822401,Acidic Soil,banana,Muriate of Potash
0.745885862,62.29520877,42.96736853,52.10366186,Peaty Soil,banana,DAP
0.508849388,59.32967231,62.0064221,62.63662087,Acidic Soil,banana,Water Retaining Fertilizer
0.434929057,86.96971052,47.67592605,53.04032821,Acidic Soil,banana,DAP
0.411013335,61.57885414,53.49640924,59.96071861,Acidic Soil,banana,Lime
0.48888181,62.76678118,40.80337055,43.5479663,Acidic Soil,banana,DAP
0.606473384,60.32275925,62.34398737,54.34006644,Acidic Soil,banana,Water Retaining Fertilizer
0.972361206,61.52452217,57.16761524,60.67428855,Acidic Soil,banana,General Purpose Fertilizer
0.657319954,86.96971052,63.14942,56.93162272,Acidic Soil,banana,Water Retaining Fertilizer
0.671906256,64.46588037,42.64640779,56.21412099,Acidic Soil,banana,DAP
0.227436131,62.7177642,65.99274967,56.22652505,Acidic Soil,banana,Compost
0.486749049,62.41440981,46.32995781,-20.50910839,Acidic Soil,banana,DAP
0.622127316,65.59464661,44.49057184,47.99188327,Acidic Soil,banana,DAP
0.440941863,86.96971052,60.03325671,58.36119363,Acidic Soil,banana,Compost
0.720351258,63.64239545,57.93281649,49.72901367,Acidic Soil,banana,Muriate of Potash
0.651941556,63.07996872,64.99007576,60.8706927,Acidic Soil,banana,Water Retaining Fertilizer
0.560591201,59.98360528,53.54100212,43.09012317,Acidic Soil,banana,Muriate of Potash
0.517996026,64.20803231,177.3144812,-20.50910839,Acidic Soil,banana,Muriate of Potash
0.685254228,62.12840701,42.21263938,36.14083377,Acidic Soil,banana,DAP
0.499146272,61.24534531,45.52395108,58.93152597,Acidic Soil,banana,DAP
0.76975335,35.52771842,50.7331729,52.71022043,Acidic Soil,banana,Urea
0.646418387,86.96971052,68.6600467,55.29299339,Acidic Soil,banana,Water Retaining Fertilizer
0.631258775,63.94143075,51.4597838,57.11413332,Acidic Soil,banana,Water Retaining Fertilizer
0.820351772,61.80233303,49.36722147,51.52119791,Acidic Soil,banana,DAP
0.36094889,65.20782145,59.17035557,63.78681022,Acidic Soil,banana,Lime
0.696501786,60.28053017,81.97787282,56.73033402,Acidic Soil,banana,Water Retaining Fertilizer
0.433557012,86.96971052,63.68275069,50.45125899,Acidic Soil,banana,Lime
0.495965347,61.08939709,42.990315,44.86714508,Acidic Soil,banana,DAP
0.459788941,62.57121742,66.70213108,52.73431293,Acidic Soil,banana,Compost
0.497276838,59.03423667,42.51651985,53.42333565,Acidic Soil,banana,DAP
0.611472614,58.13319165,53.52500844,45.81704654,Acidic Soil,grapes,Muriate of Potash
0.585595748,59.79711703,58.13416855,59.71803494,Acidic Soil,grapes,Water Retaining Fertilizer
0.714550207,58.56635469,-37.64973873,57.10293525,Acidic Soil,grapes,DAP
0.494392601,60.39682762,55.77822365,49.60171505,Acidic Soil,grapes,Muriate of Potash
0.681341838,54.7753919,44.94711979,31.20578862,Peaty Soil,grapes,DAP
0.388776055,35.52771842,61.5913022,-20.50910839,Acidic Soil,grapes,Urea
0.48074914,56.94108567,64.16488165,45.85623671,Acidic Soil,grapes,Muriate of Potash
0.519977347,53.56578089,55.45383118,42.92253933,Acidic Soil,grapes,Muriate of Potash
0.463862919,52.66153455,54.42581386,58.18810285,Acidic Soil,grapes,Water Retaining Fertilizer
0.740342091,61.06537065,77.54929107,48.41339357,Peaty Soil,grapes,Muriate of Potash
0.549369437,62.55040101,44.19485218,47.13537939,Acidic Soil,grapes,DAP
0.450359318,54.91278012,53.83752797,47.12876642,Acidic Soil,grapes,Muriate of Potash
0.506525175,62.15561721,47.39808114,54.95733615,Acidic Soil,grapes,DAP
0.729656544,54.96446418,69.64053435,48.76839276,Peaty Soil,grapes,Muriate of Potash
0.630072909,52.41718862,30.623716,41.3625184,Acidic Soil,grapes,DAP
0.526434854,58.65552009,59.5307578,43.18226977,Acidic Soil,grapes,Muriate of Potash
0.825152187,55.30267998,57.73241399,49.16270827,Peaty Soil,grapes,Muriate of Potash
0.448031691,55.35799269,62.41819729,50.03765091,Acidic Soil,grapes,Water Retaining Fertilizer
0.584341454,55.51788405,48.41546891,45.3035228,Acidic Soil,grapes,DAP
0.42786373,57.34166633,53.41011765,46.8402522,Acidic Soil,grapes,Muriate of Potash
0.763191016,60.54733857,57.38335798,37.53315603,Peaty Soil,grapes,Muriate of Potash
0.491928666,56.16163122,177.3144812,41.00363435,Acidic Soil,grapes,Muriate of Potash
0.660914897,55.45691384,61.60241548,58.7629584,Acidic Soil,grapes,Water Retaining Fertilizer
0.490819757,57.80008518,58.33547442,35.47140704,Acidic Soil,grapes,Muriate of Potash
0.695511139,56.63811416,52.82871785,52.06393061,Acidic Soil,grapes,Lime
0.573272962,53.99488578,56.15012036,53.48152693,Acidic Soil,grapes,Lime
0.492653671,55.69188019,70.55468834,62.3036131,Acidic Soil,grapes,Water Retaining Fertilizer
0.661641119,54.98397889,76.23114959,51.38460234,Acidic Soil,grapes,Water Retaining Fertilizer
0.73841779,61.45562883,60.31279199,54.04429373,Acidic Soil,grapes,General Purpose Fertilizer
0.403755151,60.59313026,52.24079249,55.21036793,Acidic Soil,grapes,Compost
0.499772254,60.42125045,35.17783583,48.35550144,Acidic Soil,grapes,DAP
0.437359237,58.51222605,55.87714897,41.03564756,Acidic Soil,grapes,Muriate of Potash
0.406971321,60.14237143,73.54304467,46.5157675,Acidic Soil,grapes,Muriate of Potash
0.596177131,56.06492234,60.7228122,55.7241216,Acidic Soil,grapes,Compost
0.698772433,52.38436629,-37.64973873,53.32578257,Peaty Soil,grapes,DAP
0.482884797,55.71760224,80.02875867,42.52035399,Acidic Soil,grapes,Muriate of Potash
0.972361206,57.1781104,46.84142073,40.15783258,Peaty Soil,grapes,DAP
0.616934952,57.54328678,74.55292358,-20.50910839,Acidic Soil,grapes,Muriate of Potash
0.620000737,65.09103295,43.71940582,43.67670887,Acidic Soil,grapes,DAP
0.783444272,54.29506315,69.89694455,51.82132567,Peaty Soil,grapes,Organic Fertilizer
0.572503026,50.60902551,62.98699194,49.47358571,Acidic Soil,grapes,Muriate of Potash
0.681719945,57.97108185,57.25944362,49.48407239,Acidic Soil,grapes,Muriate of Potash
0.494571338,35.52771842,48.48365873,41.49531095,Acidic Soil,grapes,Urea
0.609314576,54.07671185,62.25014585,45.57743955,Acidic Soil,grapes,Muriate of Potash
0.733500168,57.25440804,57.6347394,41.95673422,Acidic Soil,grapes,Muriate of Potash
0.54971839,59.22968011,56.88011079,56.78348218,Acidic Soil,grapes,Lime
0.789306942,60.68136155,49.5362155,45.60796986,Peaty Soil,grapes,DAP
0.571593113,65.0202371,38.67739861,46.67397943,Acidic Soil,grapes,DAP
0.694926457,60.82277952,44.09356773,56.07148501,Peaty Soil,grapes,DAP
0.5607292,57.60055969,54.52651093,52.12574768,Acidic Soil,grapes,Lime
0.683007332,55.00744431,60.96703701,42.28497903,Acidic Soil,grapes,Muriate of Potash
0.505264065,35.52771842,64.123338,57.29923994,Acidic Soil,grapes,Urea
0.697454882,59.24095175,71.86348104,54.86877545,Acidic Soil,grapes,Compost
0.699427679,58.70821298,67.65682972,50.01121052,Acidic Soil,grapes,Compost
0.512479484,53.68732036,67.37174611,51.26491855,Acidic Soil,grapes,Water Retaining Fertilizer
0.557679773,50.41977945,67.83367557,57.00947646,Acidic Soil,grapes,Compost
0.752562827,53.11641255,82.65859323,60.05614791,Acidic Soil,grapes,Compost
0.773125461,54.11025593,51.83167105,52.89374124,Peaty Soil,grapes,Lime
0.460256491,53.82064817,49.87795508,41.73168671,Acidic Soil,grapes,DAP
0.513173595,61.73972972,45.84904683,52.73099194,Acidic Soil,grapes,DAP
0.726995253,59.42312087,58.61254991,42.07005349,Acidic Soil,grapes,Muriate of Potash
0.534905769,59.11252569,63.12544571,43.27464842,Acidic Soil,grapes,Muriate of Potash
0.687418369,62.36789615,62.05123569,59.97488169,Acidic Soil,grapes,Water Retaining Fertilizer
0.704715567,54.19250014,49.24480676,46.30578758,Acidic Soil,grapes,DAP
0.604597111,53.4100891,25.16031294,45.97462709,Acidic Soil,grapes,DAP
0.425586035,63.08676729,62.13164307,44.83416741,Acidic Soil,grapes,Muriate of Potash
0.425141245,56.82732792,60.65926613,63.95394419,Acidic Soil,grapes,Gypsum
0.412860902,53.14903427,48.73730465,47.66997128,Acidic Soil,grapes,DAP
0.455821811,59.20871896,53.84202331,50.5601467,Acidic Soil,grapes,Lime
0.525216904,62.6805285,66.21880438,57.17287085,Acidic Soil,grapes,Compost
0.567858003,53.49401491,67.46759228,57.91506945,Acidic Soil,grapes,Water Retaining Fertilizer
0.434148748,56.50250866,53.25432532,58.21574425,Acidic Soil,grapes,Lime
0.591840657,56.62705687,47.16325016,40.45774735,Acidic Soil,grapes,DAP
0.435182261,56.77961535,72.74144199,53.77150875,Acidic Soil,grapes,Compost
0.675237829,58.49007095,59.87390228,47.9095782,Acidic Soil,grapes,Muriate of Potash
0.584242098,60.42883135,46.39882107,-20.50910839,Acidic Soil,grapes,DAP
0.56019505,55.89045619,55.57988434,41.06462474,Acidic Soil,grapes,Muriate of Potash
0.599115111,59.8162777,39.24024065,33.1473242,Acidic Soil,grapes,DAP
0.390535129,61.50926172,177.3144812,39.27202913,Acidic Soil,grapes,Muriate of Potash
0.783079132,64.89190918,72.59055774,68.80841805,Peaty Soil,grapes,Organic Fertilizer
0.665058418,61.96225741,51.75366152,41.5266062,Acidic Soil,grapes,Muriate of Potash
0.73506476,58.33185511,62.57274463,58.925033,Acidic Soil,grapes,Lime
0.729876423,52.39355145,40.39906438,29.8821367,Peaty Soil,grapes,DAP
0.476327769,56.1886787,82.89695204,72.69171332,Acidic Soil,grapes,Lime
0.798094098,57.05087265,67.33532718,58.30398296,Acidic Soil,grapes,Compost
0.804413654,58.2098104,51.7865886,58.85168787,Acidic Soil,grapes,Lime
0.541703222,60.72205356,177.3144812,49.08731606,Acidic Soil,grapes,Muriate of Potash
0.547829183,63.61278848,47.26418723,41.39770995,Acidic Soil,grapes,DAP
0.470221151,51.16299723,86.22011647,57.06389422,Acidic Soil,grapes,Compost
0.533198408,55.23400636,65.53419867,54.97042416,Acidic Soil,grapes,Water Retaining Fertilizer
0.689815682,54.55359295,49.23858406,49.85783005,Peaty Soil,grapes,DAP
0.541232023,52.24596429,47.8939371,44.60313145,Acidic Soil,grapes,DAP
0.449102903,58.99742227,44.57074307,47.54950285,Acidic Soil,grapes,DAP
0.580142325,49.60350703,54.29421343,48.85693687,Acidic Soil,grapes,Urea
0.749308524,56.96130313,63.57250819,58.8259151,Acidic Soil,grapes,Compost
0.455808899,54.4909953,48.7469796,48.39517106,Acidic Soil,grapes,DAP
0.630102128,58.17653947,70.78608378,63.96736233,Acidic Soil,grapes,Compost
0.791368143,57.45737921,71.71309742,61.2521097,Peaty Soil,grapes,Organic Fertilizer
0.614060756,54.84988854,57.00844252,55.0563809,Acidic Soil,grapes,Water Retaining Fertilizer
0.616019948,55.580986,63.70324734,39.18032616,Acidic Soil,grapes,Muriate of Potash
0.550383033,35.52771842,58.15195237,50.0545162,Acidic Soil,apple,Urea
0.489665749,64.99476406,64.90754803,55.68288122,Acidic Soil,apple,Water Retaining Fertilizer
0.771743309,63.09974265,66.06966744,52.18571569,Peaty Soil,apple,Organic Fertilizer
0.734793622,35.52771842,66.66115472,66.9703826,Acidic Soil,apple,Urea
0.406618298,66.39973677,59.57601362,50.46241915,Acidic Soil,apple,Lime
0.586293064,62.62417823,49.09561049,46.77305921,Acidic Soil,apple,DAP
0.413344037,62.67317365,51.03001023,60.05709402,Acidic Soil,apple,Lime
0.65188316,64.20134617,41.1241831,61.49301051,Peaty Soil,apple,DAP
0.718623802,61.26483105,72.87398701,56.42521359,Acidic Soil,apple,Compost
0.592401251,62.84339115,47.47681472,43.08763159,Acidic Soil,apple,DAP
0.71371176,60.20932278,49.96501998,54.78005415,Acidic Soil,apple,DAP
0.709772665,64.03554636,56.97904481,59.19087839,Peaty Soil,apple,Lime
0.543246976,61.30622946,-37.64973873,72.163303,Acidic Soil,apple,DAP
0.532747896,65.63551639,54.84459402,55.80155901,Acidic Soil,apple,Lime
0.439817624,64.01176684,46.2661179,46.33179762,Acidic Soil,apple,DAP
0.472856442,61.05791595,51.33528798,51.60425742,Acidic Soil,apple,Lime
0.736088355,60.72725127,71.52806587,48.69295407,Peaty Soil,apple,Muriate of Potash
0.593648025,64.11891285,60.6080664,45.55011457,Acidic Soil,apple,Muriate of Potash
0.503970563,65.53625881,53.9127126,56.25295794,Acidic Soil,apple,Lime
0.407690023,62.55797078,48.86170639,44.94821717,Acidic Soil,apple,DAP
0.405510354,63.86793138,60.79967893,54.33133532,Acidic Soil,apple,Water Retaining Fertilizer
0.405577862,62.48052381,57.43238077,45.95528209,Acidic Soil,apple,Muriate of Potash
0.580317877,65.60088625,50.84420564,50.21858903,Acidic Soil,apple,Lime
0.449896735,64.18561126,48.90006294,48.11109004,Acidic Soil,apple,DAP
0.681562166,63.52570061,41.37986985,47.57280082,Acidic Soil,apple,DAP
0.499694611,63.71541104,55.21556248,42.53757741,Acidic Soil,apple,Muriate of Potash
0.716398912,63.29543247,56.78606737,59.37849621,Acidic Soil,apple,General Purpose Fertilizer
0.762462187,35.52771842,61.39627052,61.55710352,Peaty Soil,apple,Urea
0.492697872,60.24560555,50.19373727,50.43819741,Acidic Soil,apple,Lime
0.631487434,61.35102527,55.14053097,56.58752669,Acidic Soil,apple,Lime
0.813575764,66.32331336,45.69204842,59.36013812,Peaty Soil,apple,DAP
0.647822801,61.05500528,48.1359241,65.22347775,Acidic Soil,apple,DAP
0.635759079,65.05897483,56.05223534,49.07015289,Acidic Soil,apple,Muriate of Potash
0.606349055,61.03174277,71.75956277,159.5640307,Acidic Soil,apple,Compost
0.776859121,60.58864149,73.70062486,63.31619865,Peaty Soil,apple,Organic Fertilizer
0.474012883,86.96971052,48.43842996,60.45804297,Acidic Soil,apple,DAP
0.568332635,62.89371287,59.40382241,58.86632793,Acidic Soil,apple,Water Retaining Fertilizer
0.751408661,86.96971052,84.45449844,65.92193923,Peaty Soil,apple,Organic Fertilizer
0.482475603,65.09319546,58.60866095,60.47322956,Acidic Soil,apple,Lime
0.63778846,68.71251436,67.92465386,63.69238064,Acidic Soil,apple,Water Retaining Fertilizer
0.609265265,60.39808769,66.03278866,54.30866091,Acidic Soil,apple,Gypsum
0.580552166,64.90127248,42.66109833,45.92525774,Acidic Soil,apple,DAP
0.72104729,62.54476883,59.40372348,51.24251238,Peaty Soil,apple,Lime
0.490922464,86.96971052,58.61951411,62.00546145,Acidic Soil,apple,Compost
0.598086366,62.12349918,54.59308313,53.87835262,Acidic Soil,apple,Lime
0.660098252,63.81545274,57.92285476,49.54060864,Acidic Soil,apple,Muriate of Potash
0.696614121,65.1597579,42.71549669,49.8153272,Peaty Soil,apple,DAP
0.360737179,60.51694695,61.24117235,56.26291432,Acidic Soil,apple,Compost
0.573288149,63.536515,49.9508134,54.88247916,Acidic Soil,apple,DAP
0.733520749,59.5675015,177.3144812,159.5640307,Peaty Soil,apple,Lime
0.517803082,62.7045293,55.3638043,50.28589099,Acidic Soil,apple,Lime
0.594778208,64.21011615,60.89139293,54.02507279,Acidic Soil,apple,Lime
0.709527975,62.70513992,54.58663543,49.40986615,Peaty Soil,apple,Muriate of Potash
0.548093277,68.23377817,69.38923867,63.00042931,Acidic Soil,apple,Lime
0.750719795,63.4865503,177.3144812,53.43779325,Peaty Soil,apple,Lime
0.706893622,60.96719199,53.67413902,47.22259661,Acidic Soil,apple,Muriate of Potash
0.705627399,86.96971052,49.11126037,47.19985386,Peaty Soil,apple,DAP
0.589526901,61.88805602,71.57117506,57.58041402,Acidic Soil,apple,Lime
0.697679865,64.95509993,67.01701137,60.78179196,Peaty Soil,apple,Water Retaining Fertilizer
0.54698214,61.0258521,50.47434733,52.83969688,Acidic Soil,apple,Compost
0.6290184,62.1287586,46.4851509,60.98474546,Acidic Soil,apple,DAP
0.487551887,63.37701319,60.41198341,52.20068331,Acidic Soil,apple,Lime
0.48562613,62.74656986,62.96078917,54.05950667,Acidic Soil,apple,Lime
0.647259196,35.52771842,46.06973408,51.86005924,Acidic Soil,apple,Urea
0.371191068,64.66787206,49.11875433,50.90400693,Acidic Soil,apple,DAP
0.79769165,62.54602848,65.41441723,54.96207014,Peaty Soil,apple,Organic Fertilizer
0.541379944,62.51474764,55.82688602,41.80814689,Acidic Soil,apple,Muriate of Potash
0.63905794,62.76292378,66.53391372,49.18640928,Acidic Soil,apple,Muriate of Potash
0.652190751,62.94031878,-37.64973873,56.67305204,Acidic Soil,apple,DAP
0.691656625,62.48813139,57.80187204,63.06368432,Acidic Soil,apple,Water Retaining Fertilizer
0.699063469,60.09999337,71.41663361,62.73676131,Acidic Soil,apple,Water Retaining Fertilizer
0.227436131,62.46998743,78.27311033,-20.50910839,Acidic Soil,apple,Muriate of Potash
0.67835026,86.96971052,55.55453189,72.2909278,Acidic Soil,apple,Compost
0.696416271,86.96971052,50.01934286,50.96912934,Peaty Soil,apple,Lime
0.713997072,64.38138152,38.37599606,159.5640307,Acidic Soil,apple,DAP
0.618165922,60.35291976,52.39136717,51.39159765,Acidic Soil,apple,Lime
0.577360259,63.7303047,52.9162643,58.83296207,Acidic Soil,apple,Lime
0.764717986,64.35924961,60.53526117,42.65727374,Peaty Soil,apple,Muriate of Potash
0.598326621,64.28456305,54.67990282,53.36595717,Acidic Soil,apple,Compost
0.764091386,64.46603919,56.09028264,51.096976,Peaty Soil,apple,Organic Fertilizer
0.450562649,63.05958869,44.36682406,52.12087883,Acidic Soil,apple,DAP
0.510244895,86.96971052,47.41523452,52.11035815,Acidic Soil,apple,DAP
0.445809529,64.16987296,46.62211936,40.66753463,Acidic Soil,apple,DAP
0.7563867,62.19661632,66.00798379,53.04162815,Peaty Soil,apple,Lime
0.519142051,65.00037546,54.37806947,49.80235721,Acidic Soil,apple,Muriate of Potash
0.63850153,63.76874738,54.14762941,48.77800242,Acidic Soil,apple,Muriate of Potash
0.724379257,63.24359763,63.64868324,56.88884084,Peaty Soil,apple,Organic Fertilizer
0.506283484,35.52771842,52.85305922,53.86004376,Acidic Soil,apple,Urea
0.563073168,63.56857658,45.29206522,47.70556795,Acidic Soil,apple,DAP
0.748963457,62.05352308,32.0786038,159.5640307,Acidic Soil,apple,DAP
0.654629982,59.12427337,48.35453909,53.35639056,Acidic Soil,apple,DAP
0.66438469,62.92746789,40.73409783,44.39663237,Acidic Soil,apple,DAP
0.513936381,63.86981137,54.66290002,58.1495799,Acidic Soil,apple,Lime
0.471075209,62.08680886,56.4675329,66.75577655,Acidic Soil,apple,Water Retaining Fertilizer
0.773683119,63.26728672,53.71319021,58.40080991,Peaty Soil,apple,Compost
0.818749668,66.33367833,48.74824391,54.03956794,Peaty Soil,apple,DAP
0.534063192,86.96971052,36.06365142,54.15459302,Acidic Soil,apple,DAP
0.563093477,64.12538515,83.53378495,66.19147463,Acidic Soil,apple,Compost
0.705309206,86.96971052,82.76814038,71.02778741,Peaty Soil,apple,Organic Fertilizer
0.697966959,64.0913833,64.99268619,63.51762631,Acidic Soil,apple,Lime
0.534017603,55.90804563,54.44984823,47.77236788,Acidic Soil,mango,Muriate of Potash
0.394110071,59.66486869,34.6522256,54.28379118,Acidic Soil,mango,DAP
0.661073257,55.80744056,39.66593236,55.86689546,Acidic Soil,mango,DAP
0.591570646,56.82305328,37.73671394,50.23357002,Acidic Soil,mango,DAP
0.795849243,59.90673132,63.10237898,65.47523372,Acidic Soil,mango,Compost
0.618805557,57.96538887,41.74226265,55.01293511,Acidic Soil,mango,DAP
0.629550419,60.03199277,22.98506509,-20.50910839,Acidic Soil,mango,DAP
0.457202743,60.00465445,35.58741007,58.20413608,Acidic Soil,mango,DAP
0.490584197,58.20081113,35.78587332,50.72377661,Acidic Soil,mango,DAP
0.449336608,57.70162879,35.37004638,50.34994676,Acidic Soil,mango,DAP
0.735087398,61.94105978,34.15570313,50.61420069,Acidic Soil,mango,DAP
0.227436131,58.27391799,37.19633089,40.56284264,Acidic Soil,mango,DAP
0.631134677,55.70581888,-37.64973873,107.0524345,Loamy Soil,mango,DAP
0.718299974,55.97249584,37.85842089,59.33045958,Acidic Soil,mango,DAP
0.771177129,58.8185507,-37.64973873,57.8049979,Peaty Soil,mango,DAP
0.56906045,55.92875607,45.98162053,59.52511641,Acidic Soil,mango,DAP
0.434741031,61.19556374,50.18306612,40.75335438,Acidic Soil,mango,Muriate of Potash
0.467413537,60.1342278,58.97496062,54.82836475,Acidic Soil,mango,Water Retaining Fertilizer
0.673383838,59.14965595,34.76439407,159.5640307,Acidic Soil,mango,DAP
0.730339742,58.32318366,43.42552513,49.97795837,Peaty Soil,mango,DAP
0.227436131,58.8121328,28.68845884,-20.50910839,Acidic Soil,mango,DAP
0.470393727,57.8941802,35.60677437,44.97851253,Acidic Soil,mango,DAP
0.972361206,62.313708,113.9775045,107.7852257,Neutral Soil,mango,General Purpose Fertilizer
0.540299109,62.37841333,46.50769314,55.54876074,Acidic Soil,mango,DAP
0.645708218,57.3163499,38.33028747,52.88412175,Acidic Soil,mango,DAP
0.617330867,56.83480479,177.3144812,43.09179532,Acidic Soil,mango,Muriate of Potash
0.527548122,59.18573094,35.91291475,47.26949561,Acidic Soil,mango,DAP
0.442976408,56.18637861,51.34680828,69.82434045,Acidic Soil,mango,Water Retaining Fertilizer
0.457815678,57.68761049,38.34802124,37.99725145,Acidic Soil,mango,DAP
0.972361206,59.94054495,71.252877,58.74372258,Acidic Soil,mango,Lime
0.711131451,57.86235073,-37.64973873,60.77329825,Peaty Soil,mango,DAP
0.408118492,59.11051676,96.52508817,95.72206816,Neutral Soil,mango,Water Retaining Fertilizer
0.701143267,59.77677658,39.02559837,38.65743608,Peaty Soil,mango,DAP
0.504457103,57.05496865,46.22473743,46.88437776,Acidic Soil,mango,DAP
0.446863688,59.25982491,177.3144812,43.42846207,Acidic Soil,mango,Muriate of Potash
0.665835787,57.55501558,54.12525401,60.8367423,Acidic Soil,mango,Water Retaining Fertilizer
0.427645544,59.77947861,25.96377295,55.2647006,Acidic Soil,mango,DAP
0.755046253,60.51133705,40.91938298,53.82425835,Peaty Soil,mango,DAP
0.655321895,56.85542613,87.81700743,80.48677033,Loamy Soil,mango,Water Retaining Fertilizer
0.619348668,56.35276621,46.30804702,51.28861769,Acidic Soil,mango,DAP
0.468535715,61.16119153,30.33051838,44.39598802,Acidic Soil,mango,DAP
0.554551516,60.04306749,113.2852452,97.28062239,Neutral Soil,mango,Water Retaining Fertilizer
0.677310409,56.51515486,56.53802631,49.52624409,Acidic Soil,mango,Muriate of Potash
0.643356745,59.99867206,44.80073144,51.69756916,Acidic Soil,mango,DAP
0.503841169,59.56006154,32.74581321,42.71000406,Acidic Soil,mango,DAP
0.727600661,52.82765573,62.07335218,71.43797491,Acidic Soil,mango,General Purpose Fertilizer
0.835573125,54.15061713,35.67881969,49.09805507,Peaty Soil,mango,DAP
0.789294368,57.44334632,53.17513641,58.20626133,Acidic Soil,mango,General Purpose Fertilizer
0.472480276,59.9366636,-37.64973873,96.56077223,Neutral Soil,mango,DAP
0.501683959,58.86169708,62.01064555,59.28556794,Acidic Soil,mango,Water Retaining Fertilizer
0.640668757,59.36404927,177.3144812,49.37732169,Acidic Soil,mango,Muriate of Potash
0.755802799,58.8508933,46.98416682,42.97880184,Peaty Soil,mango,DAP
0.423670762,56.86345283,31.67345937,45.13041602,Acidic Soil,mango,DAP
0.685967404,86.96971052,24.02500828,48.90998802,Peaty Soil,mango,DAP
0.579590764,54.40523431,113.7452618,117.2582949,Neutral Soil,mango,Compost
0.511274834,60.9674964,48.21589821,47.22359292,Acidic Soil,mango,DAP
0.482150018,62.71657389,57.54213251,65.55976157,Acidic Soil,mango,Compost
0.54252045,58.51424782,22.04359712,51.33547002,Acidic Soil,mango,DAP
0.622837354,57.40101654,109.7919979,102.114207,Loamy Soil,mango,Compost
0.4525234,59.14884526,112.7688236,101.7241234,Neutral Soil,mango,Water Retaining Fertilizer
0.515772301,56.31278363,37.11352867,159.5640307,Acidic Soil,mango,DAP
0.472388991,58.50335559,39.00558836,51.07614035,Acidic Soil,mango,DAP
0.536852159,57.40079866,48.57888549,64.0623501,Acidic Soil,mango,DAP
0.720262976,58.59473925,59.11548133,73.28805955,Peaty Soil,mango,Organic Fertilizer
0.529955381,58.21699713,115.5940068,104.558278,Neutral Soil,mango,Water Retaining Fertilizer
0.608239206,58.37634481,48.46827338,50.87131491,Acidic Soil,mango,DAP
0.61822022,56.43959902,52.05784003,55.32770539,Acidic Soil,mango,Water Retaining Fertilizer
0.597062488,57.10091127,31.72142665,40.22222155,Acidic Soil,mango,DAP
0.481113778,53.27301024,35.11412223,45.68575209,Acidic Soil,mango,DAP
0.703059924,54.95435337,112.183644,159.5640307,Loamy Soil,mango,Balanced NPK Fertilizer
0.775306061,56.32095255,49.99057059,48.69681818,Acidic Soil,mango,DAP
0.713276762,61.60152173,42.32250477,43.91153656,Acidic Soil,mango,DAP
0.479792272,59.26677992,29.47978628,45.47569798,Acidic Soil,mango,DAP
0.825116973,60.95837715,38.91019201,43.92998234,Peaty Soil,mango,DAP
0.736545908,35.52771842,125.3668717,103.3692181,Loamy Soil,mango,Urea
0.972361206,59.97092326,56.87853552,66.99613074,Acidic Soil,mango,General Purpose Fertilizer
0.578539608,54.66629761,28.82042272,38.12516373,Acidic Soil,mango,DAP
0.579081048,57.2578573,57.05158886,55.50119357,Acidic Soil,mango,Water Retaining Fertilizer
0.595274083,59.73304909,71.27039866,80.47830314,Neutral Soil,mango,Water Retaining Fertilizer
0.605649972,61.66914784,54.33360677,57.96979836,Acidic Soil,mango,Water Retaining Fertilizer
0.583828239,56.01353826,42.7712859,58.8633383,Acidic Soil,mango,DAP
0.729947307,57.55406839,42.97832294,51.33104294,Peaty Soil,mango,DAP
0.510852866,58.26671452,38.40149898,47.62041857,Acidic Soil,mango,DAP
0.76880781,57.81645097,51.43433054,42.46307644,Peaty Soil,mango,Muriate of Potash
0.515737552,35.52771842,30.25573767,43.57070402,Acidic Soil,mango,Urea
0.495663945,58.04625721,39.81489624,55.39627335,Acidic Soil,mango,DAP
0.559026572,60.72256823,46.56673905,48.36083915,Acidic Soil,mango,DAP
0.651932695,86.96971052,44.50568296,54.79173376,Acidic Soil,mango,DAP
0.786192306,58.01529827,37.16948946,54.86639131,Peaty Soil,mango,DAP
0.453387864,58.35692531,54.64817743,45.73478362,Acidic Soil,mango,Muriate of Potash
0.709375091,59.56830773,-37.64973873,58.63838662,Loamy Soil,mango,DAP
0.547978032,58.81223516,52.82350067,55.53680508,Acidic Soil,mango,Water Retaining Fertilizer
0.552844797,57.86041074,55.24494159,53.65760375,Acidic Soil,mango,Compost
0.790974471,58.23534622,35.33537361,45.51047623,Peaty Soil,mango,DAP
0.544761596,86.96971052,40.82251746,46.2274543,Acidic Soil,mango,DAP
0.227436131,57.50129037,33.83165187,55.50150202,Acidic Soil,mango,DAP
0.790507359,59.53639319,40.09345945,53.28437917,Peaty Soil,mango,DAP
0.440472923,59.6676919,76.42853238,76.29801536,Neutral Soil,mango,Water Retaining Fertilizer
0.595908487,58.38229128,47.90948986,159.5640307,Acidic Soil,mango,DAP
0.75412505,59.5877338,45.60338724,48.13577951,Acidic Soil,mango,DAP
0.479999761,55.6126676,134.2243298,-20.50910839,Neutral Soil,muskmelon,Muriate of Potash
0.470270993,56.58619667,83.7629371,46.4841079,Neutral Soil,muskmelon,Muriate of Potash
0.667121056,56.0378097,128.8372199,41.80009841,Loamy Soil,muskmelon,Muriate of Potash
0.622839959,52.31869638,97.69256486,50.68421268,Loamy Soil,muskmelon,Water Retaining Fertilizer
0.606510871,55.74749695,58.66337425,36.68872894,Acidic Soil,muskmelon,Muriate of Potash
0.727380878,55.46596346,49.65386371,50.22792978,Peaty Soil,muskmelon,DAP
0.972361206,51.87750628,69.18829711,40.13086504,Acidic Soil,muskmelon,Muriate of Potash
0.788848584,55.12078334,62.77241494,29.6353266,Acidic Soil,muskmelon,Muriate of Potash
0.759739048,53.82824065,138.3307562,51.22565821,Loamy Soil,muskmelon,Compost
0.670647122,53.99380904,74.28319768,37.44122271,Acidic Soil,muskmelon,Muriate of Potash
0.728393594,53.57363063,59.15752902,44.36653636,Peaty Soil,muskmelon,Muriate of Potash
0.761545531,56.51588653,53.48582977,37.83484701,Peaty Soil,muskmelon,Muriate of Potash
0.646816545,55.4200001,114.7769394,62.38341839,Loamy Soil,muskmelon,Water Retaining Fertilizer
0.651569923,56.18489315,83.12999252,48.50219177,Acidic Soil,muskmelon,Muriate of Potash
0.748054507,49.79628674,64.47016955,47.98056813,Peaty Soil,muskmelon,Urea
0.405168115,35.52771842,63.4872091,51.89663103,Acidic Soil,muskmelon,Urea
0.41511754,55.70919787,177.3144812,50.30388288,Acidic Soil,muskmelon,Lime
0.682647402,53.46798465,48.46111104,41.16888572,Acidic Soil,muskmelon,DAP
0.671916257,53.77783674,71.46406915,35.07534189,Acidic Soil,muskmelon,Muriate of Potash
0.654158771,56.20280824,85.38408967,42.79024679,Loamy Soil,muskmelon,Muriate of Potash
0.421628444,54.43287136,82.37989209,56.01323455,Acidic Soil,muskmelon,Water Retaining Fertilizer
0.717368945,51.41217591,63.60450007,48.31616581,Peaty Soil,muskmelon,Muriate of Potash
0.757628091,54.15455951,95.1454404,37.66915365,Loamy Soil,muskmelon,Muriate of Potash
0.505819589,54.90296752,-37.64973873,38.40988921,Acidic Soil,muskmelon,DAP
0.675127251,53.83309153,67.54790171,39.48688465,Acidic Soil,muskmelon,Muriate of Potash
0.397346101,52.49101203,70.91680753,52.78030638,Acidic Soil,muskmelon,Water Retaining Fertilizer
0.481393239,55.35392912,57.24972479,41.34822544,Acidic Soil,muskmelon,Muriate of Potash
0.589339606,53.69987293,65.11499111,48.75547898,Acidic Soil,muskmelon,Muriate of Potash
0.457322997,53.13739467,108.474443,46.6502765,Neutral Soil,muskmelon,Muriate of Potash
0.442080962,54.0489494,53.09543958,37.03406956,Acidic Soil,muskmelon,Muriate of Potash
0.767407618,53.86562353,79.17690465,46.94949814,Peaty Soil,muskmelon,Muriate of Potash
0.737475168,52.17800945,60.7291028,42.90529003,Acidic Soil,muskmelon,Muriate of Potash
0.227436131,55.25778905,82.69281641,55.33210082,Acidic Soil,muskmelon,Water Retaining Fertilizer
0.227436131,52.06710197,50.98841497,36.99155098,Acidic Soil,muskmelon,Muriate of Potash
0.769176485,55.56560461,56.06149492,41.59261335,Peaty Soil,muskmelon,Muriate of Potash
0.497495512,53.03649317,111.3315568,55.73457923,Neutral Soil,muskmelon,Compost
0.562598328,53.272929,70.91028962,159.5640307,Acidic Soil,muskmelon,Compost
0.772943543,52.92225376,134.2422509,43.00718849,Loamy Soil,muskmelon,Muriate of Potash
0.423543889,53.99803702,81.51803336,159.5640307,Acidic Soil,muskmelon,Water Retaining Fertilizer
0.753480899,54.52933763,63.54368331,42.02898538,Acidic Soil,muskmelon,Muriate of Potash
0.649255667,53.12311279,74.96111034,46.42138166,Acidic Soil,muskmelon,Muriate of Potash
0.59067051,54.58502041,127.4232063,50.25135347,Neutral Soil,muskmelon,Water Retaining Fertilizer
0.547593827,53.45959341,60.32250817,49.41611236,Acidic Soil,muskmelon,Muriate of Potash
0.972361206,51.41781483,66.41289814,54.54203042,Acidic Soil,muskmelon,General Purpose Fertilizer
0.460390021,51.16367928,66.89129529,47.39669332,Acidic Soil,muskmelon,Muriate of Potash
0.567806072,55.11159628,75.93725099,47.87396065,Acidic Soil,muskmelon,Muriate of Potash
0.740847287,54.56696984,70.52233655,53.72000212,Peaty Soil,muskmelon,Organic Fertilizer
0.493639781,53.72678206,63.65309498,54.31380652,Acidic Soil,muskmelon,Water Retaining Fertilizer
0.598756368,53.39080434,62.21167629,32.84413661,Acidic Soil,muskmelon,Muriate of Potash
0.753952234,52.07653543,51.01847529,43.28499615,Peaty Soil,muskmelon,Muriate of Potash
0.680601229,53.03913332,82.30344813,43.18301215,Acidic Soil,muskmelon,Muriate of Potash
0.828966107,54.45213924,57.57275136,42.40455225,Peaty Soil,muskmelon,Muriate of Potash
0.816373885,56.469903,177.3144812,56.63846609,Acidic Soil,muskmelon,Compost
0.562834947,56.12456703,146.3136108,51.25906327,Neutral Soil,muskmelon,Water Retaining Fertilizer
0.502527386,53.88371259,72.01657996,-20.50910839,Acidic Soil,muskmelon,Muriate of Potash
0.428640757,52.28083384,122.6924083,51.61613045,Neutral Soil,muskmelon,Compost
0.607798858,53.86794832,55.73071716,41.60975347,Acidic Soil,muskmelon,Muriate of Potash
0.572441089,52.99163905,72.89158523,36.80364835,Acidic Soil,muskmelon,Muriate of Potash
0.441024496,55.75145707,110.7559002,56.04680455,Neutral Soil,muskmelon,Compost
0.788961311,53.86523244,143.6947571,55.38656371,Loamy Soil,muskmelon,Lime
0.819016172,53.14311763,52.48403217,50.90286491,Peaty Soil,muskmelon,Organic Fertilizer
0.630082206,53.76243291,73.43581228,44.63644459,Acidic Soil,muskmelon,Muriate of Potash
0.606506297,50.10768333,75.64700468,39.11932954,Acidic Soil,muskmelon,Muriate of Potash
0.720682813,52.41620396,70.03263786,49.50641489,Acidic Soil,muskmelon,Muriate of Potash
0.744879651,51.98949424,74.07834329,159.5640307,Peaty Soil,muskmelon,Organic Fertilizer
0.227436131,52.30968921,74.02008414,38.70754578,Acidic Soil,muskmelon,Muriate of Potash
0.74068138,53.03666627,71.15352317,46.47294445,Peaty Soil,muskmelon,Muriate of Potash
0.553223171,86.96971052,76.78480486,45.90688807,Acidic Soil,muskmelon,Muriate of Potash
0.783186677,52.43179243,66.01449993,51.73304676,Peaty Soil,muskmelon,Organic Fertilizer
0.768574328,52.51896856,99.62115879,47.13441248,Loamy Soil,muskmelon,Muriate of Potash
0.544569193,51.26965414,119.7260488,47.47208118,Neutral Soil,muskmelon,Muriate of Potash
0.579230298,50.76913949,86.08289592,47.00012622,Acidic Soil,muskmelon,Muriate of Potash
0.53220407,52.4209877,79.87174593,43.63241256,Acidic Soil,muskmelon,Muriate of Potash
0.474437044,35.52771842,177.3144812,45.28936758,Acidic Soil,muskmelon,Urea
0.467330633,53.84855919,133.1176063,53.93910232,Neutral Soil,muskmelon,Water Retaining Fertilizer
0.628701106,55.00653591,112.7658092,49.02876416,Loamy Soil,muskmelon,Muriate of Potash
0.584110355,53.35044433,81.45950992,44.39380865,Acidic Soil,muskmelon,Muriate of Potash
0.52781799,52.24458873,87.06245452,44.84170655,Neutral Soil,muskmelon,Muriate of Potash
0.628319129,35.52771842,62.31789356,44.79464875,Acidic Soil,muskmelon,Urea
0.557566021,52.70864199,55.87505065,48.35921686,Acidic Soil,muskmelon,Muriate of Potash
0.604129042,52.86768927,83.92831598,43.67929861,Neutral Soil,muskmelon,Muriate of Potash
0.452589497,57.59159826,70.34180359,40.4425636,Acidic Soil,muskmelon,Muriate of Potash
0.743012379,54.04076976,56.2232421,43.7930935,Peaty Soil,muskmelon,Muriate of Potash
0.622377914,54.91110179,70.58789911,37.5054178,Acidic Soil,muskmelon,Muriate of Potash
0.502467093,53.00501986,86.00672986,49.11672082,Neutral Soil,muskmelon,Muriate of Potash
0.398022446,52.73011094,-37.64973873,45.05651353,Acidic Soil,muskmelon,DAP
0.774091785,55.4546501,-37.64973873,52.88879897,Acidic Soil,muskmelon,DAP
0.530549908,52.34838513,60.05942826,38.58211442,Acidic Soil,muskmelon,Muriate of Potash
0.675039175,52.54919853,108.1199125,46.65160817,Loamy Soil,muskmelon,Muriate of Potash
0.701642351,54.77731682,81.16413564,46.08005912,Loamy Soil,muskmelon,Muriate of Potash
0.705146601,54.11852793,123.2716502,46.63290397,Loamy Soil,muskmelon,Muriate of Potash
0.623834717,55.27597167,50.51614517,39.11250993,Acidic Soil,muskmelon,Muriate of Potash
0.808948529,54.16394477,68.50551579,54.81911996,Acidic Soil,muskmelon,Compost
0.730675354,35.52771842,81.89658572,51.30592849,Peaty Soil,muskmelon,Urea
0.663441769,53.61542675,86.33491654,45.54525691,Acidic Soil,muskmelon,Muriate of Potash
0.722691609,86.96971052,128.5671167,46.98823665,Loamy Soil,muskmelon,Muriate of Potash
0.391531613,54.59186133,92.54562414,48.78757252,Neutral Soil,muskmelon,Muriate of Potash
0.653658233,56.13884993,79.65032831,50.19266797,Acidic Soil,muskmelon,Water Retaining Fertilizer
0.574225909,53.12089147,73.48613268,43.70514724,Acidic Soil,muskmelon,Muriate of Potash
0.572424008,54.72275748,98.16246234,55.109127,Neutral Soil,muskmelon,Compost
0.716450525,57.33753873,67.02268806,72.66991015,Peaty Soil,orange,Organic Fertilizer
0.625160939,63.87582293,177.3144812,73.78655295,Peaty Soil,orange,Water Retaining Fertilizer
0.711216783,58.8245534,106.5290182,91.18607064,Loamy Soil,orange,Compost
0.785434542,60.08213785,-37.64973873,58.74572959,Peaty Soil,orange,DAP
0.530097372,65.67567419,145.2248041,146.6452102,Neutral Soil,orange,Water Retaining Fertilizer
0.558970671,67.53733554,63.18588324,64.52295773,Acidic Soil,orange,Water Retaining Fertilizer
0.788011695,66.27272794,87.9307223,88.52588569,Loamy Soil,orange,Compost
0.727330908,68.52188675,155.3075812,104.5478214,Loamy Soil,orange,Compost
0.595494142,65.40294278,139.0387772,113.6571823,Neutral Soil,orange,Water Retaining Fertilizer
0.74487653,86.96971052,106.1516919,81.9484157,Loamy Soil,orange,Balanced NPK Fertilizer
0.803796898,68.98736474,83.53345315,69.99509543,Loamy Soil,orange,Balanced NPK Fertilizer
0.460434258,64.23613556,141.8810082,128.9021465,Neutral Soil,orange,Water Retaining Fertilizer
0.469829512,65.98661097,131.8047264,144.8162608,Neutral Soil,orange,Water Retaining Fertilizer
0.634189349,56.6288219,58.61941336,49.30398114,Acidic Soil,orange,Muriate of Potash
0.732587263,66.04647921,71.39474954,67.17251712,Peaty Soil,orange,Organic Fertilizer
0.422904077,68.66560366,92.84060459,71.05414342,Neutral Soil,orange,Compost
0.529290262,69.21520834,137.4267988,131.3409766,Neutral Soil,orange,Water Retaining Fertilizer
0.60129728,60.22428666,143.4310442,153.060736,Neutral Soil,orange,Compost
0.607902626,62.68486696,83.67582101,64.02121727,Loamy Soil,orange,Water Retaining Fertilizer
0.581738506,60.72528375,71.11154898,67.09489815,Peaty Soil,orange,Water Retaining Fertilizer
0.621887396,56.26206802,72.7414401,76.72599822,Peaty Soil,orange,Water Retaining Fertilizer
0.803061228,60.56300768,65.31438468,53.99259548,Peaty Soil,orange,Organic Fertilizer
0.73199989,65.28868637,149.0687213,145.551239,Loamy Soil,orange,Balanced NPK Fertilizer
0.972361206,62.50972295,79.38361993,68.71313296,Neutral Soil,orange,General Purpose Fertilizer
0.524866556,63.27875711,66.37587503,62.86438587,Alkaline Soil,orange,Compost
0.776294083,67.18886599,67.00418721,58.48161817,Peaty Soil,orange,Gypsum
0.704659327,35.52771842,78.49612046,68.14416516,Peaty Soil,orange,Urea
0.535803008,57.82332014,149.6243994,152.1192982,Neutral Soil,orange,Water Retaining Fertilizer
0.678132,56.72833391,177.3144812,57.09905875,Peaty Soil,orange,Water Retaining Fertilizer
0.410703422,68.7861082,96.98976975,75.92471287,Neutral Soil,orange,Compost
0.644258758,67.86261048,57.38333208,56.91233665,Alkaline Soil,orange,Lime
0.972361206,67.4800557,56.90169566,63.64394065,Acidic Soil,orange,Lime
0.665858498,56.49876771,144.9229317,136.8168861,Loamy Soil,orange,Water Retaining Fertilizer
0.601271685,57.65944954,65.39953737,69.28845657,Acidic Soil,orange,Water Retaining Fertilizer
0.630688891,68.15910802,85.8275896,67.5855248,Acidic Soil,orange,Water Retaining Fertilizer
0.767505122,62.17987605,149.4732005,138.7228669,Loamy Soil,orange,Balanced NPK Fertilizer
0.58496232,35.52771842,64.3614306,50.85264865,Acidic Soil,orange,Urea
0.492546892,35.52771842,93.19974658,76.61289461,Neutral Soil,orange,Urea
0.600740975,64.55370623,61.52484667,61.56801493,Alkaline Soil,orange,Compost
0.766946503,54.16058681,138.3639981,125.3845371,Loamy Soil,orange,Balanced NPK Fertilizer
0.78068752,54.62759992,136.3285849,88.08919302,Loamy Soil,orange,Balanced NPK Fertilizer
0.671781719,62.8901268,91.27967433,65.51382638,Peaty Soil,orange,Water Retaining Fertilizer
0.706040656,64.10498503,61.46571855,61.05143028,Acidic Soil,orange,General Purpose Fertilizer
0.581637723,60.67051793,153.3172994,110.3671307,Neutral Soil,orange,Water Retaining Fertilizer
0.666097381,67.73178749,107.0774234,73.05998349,Loamy Soil,orange,Compost
0.392800915,64.93368381,91.239438,73.91351983,Acidic Soil,orange,Water Retaining Fertilizer
0.452769854,57.83124272,49.43896315,54.91613167,Acidic Soil,orange,DAP
0.504019376,58.72009607,58.14810277,41.44174761,Acidic Soil,orange,Muriate of Potash
0.675968603,70.02898567,142.8355272,147.65903,Loamy Soil,orange,Water Retaining Fertilizer
0.470453922,59.63385287,65.56136902,51.55678076,Alkaline Soil,orange,Water Retaining Fertilizer
0.663199804,65.99899083,-37.64973873,60.15787205,Peaty Soil,orange,DAP
0.770885587,69.70309362,83.72173844,79.89951791,Peaty Soil,orange,Organic Fertilizer
0.693696852,86.96971052,72.51388131,58.77882034,Peaty Soil,orange,Water Retaining Fertilizer
0.747375444,63.87373628,83.44110473,76.27746491,Loamy Soil,orange,Balanced NPK Fertilizer
0.387054699,59.59774742,83.50999936,53.69749252,Peaty Soil,orange,Water Retaining Fertilizer
0.735166067,62.06442289,106.342608,88.84281257,Loamy Soil,orange,Balanced NPK Fertilizer
0.69811208,61.90645241,105.8599743,66.21041583,Loamy Soil,orange,Water Retaining Fertilizer
0.411319036,63.46251435,81.24920597,74.12760479,Neutral Soil,orange,Compost
0.707811807,66.69303566,79.30653704,68.13189885,Acidic Soil,orange,Compost
0.551715022,67.34010298,145.158271,119.9327012,Neutral Soil,orange,Water Retaining Fertilizer
0.565173233,86.96971052,139.1945937,143.4558447,Neutral Soil,orange,Water Retaining Fertilizer
0.644962135,67.83232792,79.69905351,62.17082931,Acidic Soil,orange,Compost
0.43016641,63.82626619,63.40642493,73.00597303,Peaty Soil,orange,Water Retaining Fertilizer
0.364960801,56.79390688,71.14415043,52.83634392,Peaty Soil,orange,Compost
0.686734748,60.24969088,140.2311817,146.1360635,Loamy Soil,orange,Compost
0.677853563,59.50292315,71.00929017,61.22601729,Acidic Soil,orange,Water Retaining Fertilizer
0.415915265,70.96885304,75.8457861,58.17683082,Acidic Soil,orange,Water Retaining Fertilizer
0.595864671,61.94311898,65.36035156,65.4780617,Alkaline Soil,orange,Compost
0.445199604,69.77082904,79.20620804,63.69526104,Acidic Soil,orange,Gypsum
0.71641272,65.23506189,55.89661188,56.72184018,Alkaline Soil,orange,Compost
0.505685834,59.05297062,90.54826466,76.52116698,Neutral Soil,orange,Compost
0.447411007,57.47503467,59.74202293,61.00662689,Acidic Soil,orange,Compost
0.61317575,56.4556965,133.3397293,128.839358,Loamy Soil,orange,Water Retaining Fertilizer
0.699943231,53.76261638,81.306045,70.70119441,Loamy Soil,orange,Water Retaining Fertilizer
0.603903025,63.5808601,151.5158034,102.1822715,Neutral Soil,orange,Water Retaining Fertilizer
0.652441595,65.38431656,79.87283106,62.77431545,Acidic Soil,orange,Water Retaining Fertilizer
0.713696098,61.20205226,122.9419768,81.77372387,Loamy Soil,orange,Balanced NPK Fertilizer
0.227436131,55.56423932,94.88635492,66.83296901,Loamy Soil,orange,Water Retaining Fertilizer
0.757853005,62.71517531,155.6323229,-20.50910839,Loamy Soil,orange,Muriate of Potash
0.418855726,58.44381724,68.75124834,64.76385861,Peaty Soil,orange,Water Retaining Fertilizer
0.625830382,54.44336381,60.14642728,61.0473015,Peaty Soil,orange,Water Retaining Fertilizer
0.624156561,63.32637519,133.5548737,136.5333836,Neutral Soil,orange,Water Retaining Fertilizer
0.227436131,70.00845347,138.2393346,96.07081156,Neutral Soil,orange,Water Retaining Fertilizer
0.664491859,35.52771842,95.90565203,73.93366126,Loamy Soil,orange,Urea
0.651758171,57.78358829,87.03294472,65.03866949,Acidic Soil,orange,Water Retaining Fertilizer
0.592075771,57.70458324,82.23125322,64.5282984,Acidic Soil,orange,Compost
0.503346861,60.14883286,91.10472907,67.77096532,Acidic Soil,orange,Water Retaining Fertilizer
0.424283898,71.06571322,67.74147104,63.97028377,Acidic Soil,orange,Gypsum
0.50032367,63.6291532,93.64262883,66.62625378,Neutral Soil,orange,Compost
0.74302627,67.60623873,109.4468303,87.96938626,Loamy Soil,orange,Compost
0.574970905,86.96971052,102.378393,81.84924357,Neutral Soil,orange,Compost
0.551163216,59.26249874,67.92955404,58.93696464,Peaty Soil,orange,Water Retaining Fertilizer
0.587557294,58.20183445,51.0756442,60.60810328,Peaty Soil,orange,Water Retaining Fertilizer
0.690641817,69.25615672,133.7192761,95.66250207,Loamy Soil,orange,Water Retaining Fertilizer
0.504926468,68.65635446,58.8797133,66.49866027,Peaty Soil,orange,Gypsum
0.715560609,68.67999783,61.1550285,60.51808371,Peaty Soil,orange,Organic Fertilizer
0.740988036,65.06514783,152.4597466,143.2504031,Loamy Soil,orange,Balanced NPK Fertilizer
0.78495154,68.60187118,146.1697779,105.6162611,Loamy Soil,orange,Compost
0.425919643,63.63825669,55.01124765,53.54333641,Peaty Soil,orange,Water Retaining Fertilizer
0.56955958,86.96971052,81.48207023,59.324817,Peaty Soil,orange,Water Retaining Fertilizer
0.972361206,35.52771842,157.8438001,-20.50910839,Neutral Soil,papaya,Urea
0.368288745,72.65320353,83.96531566,62.87422946,Neutral Soil,papaya,Water Retaining Fertilizer
0.724773125,72.60175055,133.7351046,110.9652593,Loamy Soil,papaya,Compost
0.379481137,93.51200986,94.08044083,106.8086818,Neutral Soil,papaya,Water Retaining Fertilizer
0.734183843,95.90002678,177.3144812,-20.50910839,Loamy Soil,papaya,Muriate of Potash
0.779567909,85.62424151,152.5965014,143.3702592,Loamy Soil,papaya,Compost
0.753699152,81.78964138,154.2489891,154.788595,Loamy Soil,papaya,Compost
0.539842488,74.76070679,147.3164766,142.8758506,Neutral Soil,papaya,Water Retaining Fertilizer
0.721014984,78.45693566,127.4073504,150.2405391,Loamy Soil,papaya,Balanced NPK Fertilizer
0.596655561,91.32527006,144.8850696,138.3238176,Loamy Soil,papaya,Water Retaining Fertilizer
0.419642598,92.37067896,138.9062007,154.7946055,Neutral Soil,papaya,Water Retaining Fertilizer
0.452785425,54.39089352,154.9398344,85.97059191,Neutral Soil,papaya,Compost
0.653165453,83.35925811,140.9136704,142.2681111,Loamy Soil,papaya,Water Retaining Fertilizer
0.567104412,60.2210963,87.64223509,57.97305029,Neutral Soil,papaya,Water Retaining Fertilizer
0.633434126,76.7819929,150.8097204,146.1043354,Loamy Soil,papaya,Water Retaining Fertilizer
0.691346243,83.86481963,125.1200351,115.7829113,Loamy Soil,papaya,Water Retaining Fertilizer
0.575881068,65.07413875,93.0700739,68.76086248,Neutral Soil,papaya,Water Retaining Fertilizer
0.634493818,35.52771842,143.9145197,145.0446333,Loamy Soil,papaya,Urea
0.75472604,71.82896601,123.7429559,112.0742934,Loamy Soil,papaya,Balanced NPK Fertilizer
0.526043732,67.50617766,153.466044,142.5271831,Neutral Soil,papaya,Water Retaining Fertilizer
0.535257835,61.28518321,122.7240598,50.17922765,Neutral Soil,papaya,Compost
0.683527935,61.55342086,120.2480912,77.71000314,Loamy Soil,papaya,Water Retaining Fertilizer
0.548465689,76.48358791,100.300709,80.37408931,Neutral Soil,papaya,Water Retaining Fertilizer
0.545182623,84.03186424,102.761655,118.9387271,Neutral Soil,papaya,Water Retaining Fertilizer
0.681911503,74.40341413,97.52744323,86.341818,Loamy Soil,papaya,Water Retaining Fertilizer
0.612935364,86.96971052,76.50343755,99.49153859,Neutral Soil,papaya,Compost
0.516953523,93.21857001,143.1283373,150.5991699,Neutral Soil,papaya,Compost
0.436525168,74.25238604,128.1456066,95.27700713,Neutral Soil,papaya,Water Retaining Fertilizer
0.227436131,74.50322119,94.28150897,75.90300133,Loamy Soil,papaya,Water Retaining Fertilizer
0.972361206,78.6049089,177.3144812,143.6135341,Loamy Soil,papaya,Balanced NPK Fertilizer
0.505473858,61.27147511,73.49302833,57.09668226,Neutral Soil,papaya,Water Retaining Fertilizer
0.474954143,57.20316642,128.0740346,159.5640307,Neutral Soil,papaya,Water Retaining Fertilizer
0.526730036,89.42566113,137.8176699,135.8846895,Neutral Soil,papaya,Water Retaining Fertilizer
0.52491362,57.89682767,115.7588595,60.52391569,Neutral Soil,papaya,Water Retaining Fertilizer
0.771748544,70.0628486,78.45889195,78.33000339,Loamy Soil,papaya,Gypsum
0.439086942,68.27792306,154.9012415,113.2083283,Neutral Soil,papaya,Compost
0.787278971,80.76644972,145.581714,146.9027195,Loamy Soil,papaya,Balanced NPK Fertilizer
0.604827172,84.36012837,76.0510904,88.53154359,Neutral Soil,papaya,Water Retaining Fertilizer
0.786216369,66.03475963,177.3144812,132.428958,Loamy Soil,papaya,Balanced NPK Fertilizer
0.497151201,78.06211709,119.3083992,142.396461,Neutral Soil,papaya,Water Retaining Fertilizer
0.704107375,74.9942714,93.10123215,104.2591579,Loamy Soil,papaya,Balanced NPK Fertilizer
0.972361206,77.15347045,141.2772012,-20.50910839,Neutral Soil,papaya,Muriate of Potash
0.483746308,69.08440004,119.3876424,61.24225404,Neutral Soil,papaya,Compost
0.674458902,73.2300154,96.49270992,72.95011743,Loamy Soil,papaya,Water Retaining Fertilizer
0.41014062,84.16844621,156.3471758,143.8666004,Neutral Soil,papaya,Water Retaining Fertilizer
0.708319751,76.1721905,143.7709061,147.3918068,Loamy Soil,papaya,Balanced NPK Fertilizer
0.227436131,57.55891027,140.6411813,151.8323679,Neutral Soil,papaya,Water Retaining Fertilizer
0.655118872,90.60277895,113.655224,116.7114432,Loamy Soil,papaya,Compost
0.75503306,94.44874864,115.0434978,126.2062655,Loamy Soil,papaya,Balanced NPK Fertilizer
0.506939978,58.41459185,110.4848709,66.57289504,Neutral Soil,papaya,Compost
0.504238915,95.05104401,104.3247891,105.9487004,Neutral Soil,papaya,Water Retaining Fertilizer
0.760150766,81.15005693,150.8417049,135.5247037,Loamy Soil,papaya,Balanced NPK Fertilizer
0.399037304,88.48352695,145.6094196,130.8313611,Neutral Soil,papaya,Water Retaining Fertilizer
0.599042922,61.56189301,149.8536396,89.35467594,Neutral Soil,papaya,Water Retaining Fertilizer
0.731103237,76.24089622,120.7344977,109.8026565,Loamy Soil,papaya,Balanced NPK Fertilizer
0.498697044,60.62340635,98.19522794,59.92141562,Neutral Soil,papaya,Water Retaining Fertilizer
0.465601406,60.38800569,139.3395753,65.93387628,Neutral Soil,papaya,Water Retaining Fertilizer
0.734486394,64.12717526,75.67404221,59.53032069,Loamy Soil,papaya,Balanced NPK Fertilizer
0.536311871,95.48837414,92.98890668,110.5879258,Neutral Soil,papaya,Water Retaining Fertilizer
0.435248019,78.8876395,149.6304465,141.1326943,Neutral Soil,papaya,Compost
0.438755181,69.23534174,177.3144812,93.28025661,Neutral Soil,papaya,Water Retaining Fertilizer
0.439269327,74.62335872,149.1337557,152.6056095,Neutral Soil,papaya,Water Retaining Fertilizer
0.667869065,69.68982744,134.5691408,147.0859001,Loamy Soil,papaya,Gypsum
0.637606786,62.76915859,101.5272975,69.27308039,Loamy Soil,papaya,Compost
0.560415004,69.95504528,149.7464314,103.8235848,Neutral Soil,papaya,Compost
0.675757533,64.17284463,138.0091807,135.8287338,Loamy Soil,papaya,Water Retaining Fertilizer
0.485684456,59.19382359,122.4757831,57.53865845,Neutral Soil,papaya,Water Retaining Fertilizer
0.623647446,62.84533357,128.7975046,101.6329722,Loamy Soil,papaya,Water Retaining Fertilizer
0.505949736,59.76124767,138.2645443,143.2670129,Neutral Soil,papaya,Water Retaining Fertilizer
0.51092619,76.56740518,91.52469038,86.53096714,Neutral Soil,papaya,Compost
0.484633478,61.93063522,134.5761481,102.0726035,Neutral Soil,papaya,Water Retaining Fertilizer
0.227436131,77.78309065,145.5445394,133.7196851,Loamy Soil,papaya,Water Retaining Fertilizer
0.595608785,71.34984153,111.2417485,98.01974578,Neutral Soil,papaya,Compost
0.589794326,67.67535738,145.7688411,94.10657533,Neutral Soil,papaya,Water Retaining Fertilizer
0.711315317,81.82778205,149.2665712,136.5976592,Loamy Soil,papaya,Compost
0.773570187,94.33488317,-37.64973873,110.1118133,Loamy Soil,papaya,DAP
0.543257628,63.16903359,151.4445675,144.9730047,Neutral Soil,papaya,Water Retaining Fertilizer
0.470961459,94.39702975,147.1311444,136.2593558,Neutral Soil,papaya,Water Retaining Fertilizer
0.515612496,95.10224294,101.1718078,124.3497339,Neutral Soil,papaya,Water Retaining Fertilizer
0.416341643,86.96971052,148.4329601,68.39299092,Neutral Soil,papaya,Compost
0.423049461,83.02844467,138.0656904,150.7159612,Neutral Soil,papaya,Water Retaining Fertilizer
0.70758795,35.52771842,90.36700859,62.2389203,Loamy Soil,papaya,Urea
0.398843879,71.22304264,135.1388053,147.4572035,Neutral Soil,papaya,Compost
0.60648926,85.54698739,138.0116265,141.5292262,Loamy Soil,papaya,Compost
0.632908343,93.67130094,142.2912747,144.7191162,Loamy Soil,papaya,Water Retaining Fertilizer
0.57977683,86.96971052,99.49337973,85.65695758,Neutral Soil,papaya,Water Retaining Fertilizer
0.732200297,68.33559351,93.46557434,57.7319883,Loamy Soil,papaya,Balanced NPK Fertilizer
0.585702688,87.7493645,112.8560031,148.8977201,Neutral Soil,papaya,Water Retaining Fertilizer
0.736491078,58.1420054,99.85245766,51.19395391,Loamy Soil,papaya,Compost
0.413259775,59.94364433,177.3144812,68.82961654,Neutral Soil,papaya,Water Retaining Fertilizer
0.575078727,63.42847244,104.2402265,86.49295585,Neutral Soil,papaya,Water Retaining Fertilizer
0.758288177,94.60642635,138.5542627,149.1148806,Loamy Soil,papaya,Balanced NPK Fertilizer
0.527822734,69.25147414,142.4185945,138.4978754,Neutral Soil,papaya,Water Retaining Fertilizer
0.632391267,84.05479164,145.0157626,135.1934644,Loamy Soil,papaya,Compost
0.227436131,57.4861304,142.7220079,140.1482021,Neutral Soil,papaya,Water Retaining Fertilizer
0.785233586,83.01672009,152.995013,159.5640307,Loamy Soil,papaya,Compost
0.698323849,35.52771842,139.246975,124.4449982,Loamy Soil,papaya,Urea
0.579463652,91.04427719,177.3144812,132.32988,Neutral Soil,papaya,Water Retaining Fertilizer
0.527622059,87.98643169,100.8147753,95.38438233,Neutral Soil,papaya,Water Retaining Fertilizer
0.583363281,75.95331465,102.9858436,115.7483595,Neutral Soil,papaya,Water Retaining Fertilizer
0.227436131,62.3900657,65.37632152,61.87127509,Acidic Soil,pomegranate,Compost
0.712557408,60.89476012,-37.64973873,-20.50910839,Acidic Soil,pomegranate,DAP
0.577860781,60.41712735,150.0014528,108.8448682,Neutral Soil,pomegranate,Water Retaining Fertilizer
0.522460755,62.63180075,94.1188325,61.75130484,Acidic Soil,pomegranate,Water Retaining Fertilizer
0.809170842,63.21806489,139.2875971,96.4333055,Loamy Soil,pomegranate,Compost
0.606189678,64.03136764,83.88460908,63.93254189,Acidic Soil,pomegranate,Compost
0.517307443,62.20395327,66.64273077,63.40630679,Acidic Soil,pomegranate,Compost
0.474827277,64.67881121,72.70339982,-20.50910839,Acidic Soil,pomegranate,Muriate of Potash
0.615583863,86.96971052,133.6615403,135.1906437,Loamy Soil,pomegranate,Compost
0.508687593,64.39428538,120.5335358,-20.50910839,Neutral Soil,pomegranate,Muriate of Potash
0.591557512,62.21015632,54.8674981,43.94089696,Acidic Soil,pomegranate,Muriate of Potash
0.227436131,62.95640498,127.192754,101.8355177,Neutral Soil,pomegranate,Water Retaining Fertilizer
0.578495023,61.94208555,53.38437712,48.7534674,Acidic Soil,pomegranate,Muriate of Potash
0.425728453,86.96971052,106.1995122,69.74434226,Neutral Soil,pomegranate,Water Retaining Fertilizer
0.660471325,65.68332288,52.74731711,56.17466429,Acidic Soil,pomegranate,Compost
0.70285305,59.63083432,138.9651613,143.3516363,Loamy Soil,pomegranate,Balanced NPK Fertilizer
0.461598364,62.51650929,141.4235591,117.0279742,Neutral Soil,pomegranate,Water Retaining Fertilizer
0.227436131,61.20536447,57.14516016,50.18223752,Peaty Soil,pomegranate,Water Retaining Fertilizer
0.632861805,62.01440948,45.33521269,54.36044,Acidic Soil,pomegranate,DAP
0.591087978,64.28480291,65.18084669,59.39582041,Acidic Soil,pomegranate,Lime
0.358267719,61.4037516,93.10909264,71.44699803,Neutral Soil,pomegranate,Water Retaining Fertilizer
0.454148768,63.49377593,34.94878381,59.17512304,Acidic Soil,pomegranate,DAP
0.642539635,59.72366528,69.83405064,47.60794506,Acidic Soil,pomegranate,Muriate of Potash
0.678061112,63.44768976,68.13849562,49.17219661,Acidic Soil,pomegranate,Muriate of Potash
0.474148535,60.73424444,117.2160421,84.61740078,Neutral Soil,pomegranate,Water Retaining Fertilizer
0.474764768,63.05662788,144.2254021,143.8465114,Neutral Soil,pomegranate,Compost
0.576163,57.85424738,64.2709663,70.46407011,Neutral Soil,pomegranate,Water Retaining Fertilizer
0.777494964,61.48664483,136.7839302,109.9706602,Loamy Soil,pomegranate,Compost
0.477320079,59.55903011,151.4193545,139.5319733,Neutral Soil,pomegranate,Water Retaining Fertilizer
0.52024922,61.10671838,52.00265975,42.80562703,Acidic Soil,pomegranate,Muriate of Potash
0.683484555,35.52771842,61.8776015,49.12698583,Peaty Soil,pomegranate,Urea
0.450503338,59.28616289,101.9733624,84.71831851,Neutral Soil,pomegranate,Water Retaining Fertilizer
0.629571117,57.51610717,149.8867153,140.0587448,Loamy Soil,pomegranate,Water Retaining Fertilizer
0.775312356,60.16783692,91.94263869,76.7381147,Loamy Soil,pomegranate,Balanced NPK Fertilizer
0.812962623,61.96893122,150.0547983,121.9826873,Loamy Soil,pomegranate,Lime
0.502794837,62.78241154,134.9374283,155.1676814,Neutral Soil,pomegranate,Water Retaining Fertilizer
0.596164108,62.9419389,177.3144812,54.07332694,Acidic Soil,pomegranate,Water Retaining Fertilizer
0.650810308,63.10683132,156.0569581,140.0788872,Loamy Soil,pomegranate,Compost
0.67085408,62.96879029,68.29244654,59.80825414,Acidic Soil,pomegranate,Water Retaining Fertilizer
0.359023759,62.56697379,129.909992,159.5640307,Neutral Soil,pomegranate,Water Retaining Fertilizer
0.603015013,61.45984559,-37.64973873,137.486572,Loamy Soil,pomegranate,DAP
0.603196701,61.43337685,56.12030339,47.21916774,Acidic Soil,pomegranate,Muriate of Potash
0.45106053,62.14108096,144.7341046,107.8962421,Neutral Soil,pomegranate,Water Retaining Fertilizer
0.675561236,61.99645237,44.30267173,46.25482256,Acidic Soil,pomegranate,DAP
0.753952413,62.17023686,117.9125306,89.04066779,Loamy Soil,pomegranate,Balanced NPK Fertilizer
0.545995165,65.11417339,64.28244336,51.33332864,Acidic Soil,pomegranate,Lime
0.602203387,61.9871582,-37.64973873,50.37956427,Acidic Soil,pomegranate,DAP
0.771209829,63.49651765,59.84210405,49.45782769,Peaty Soil,pomegranate,Muriate of Potash
0.551164874,86.96971052,-37.64973873,142.5227874,Neutral Soil,pomegranate,DAP
0.772902894,61.29212989,155.6815918,152.1869691,Loamy Soil,pomegranate,Compost
0.406458669,63.58899204,148.7141672,150.6142206,Neutral Soil,pomegranate,Water Retaining Fertilizer
0.442210506,59.78536247,136.5630657,92.47695019,Neutral Soil,pomegranate,Water Retaining Fertilizer
0.972361206,63.27339114,156.7778603,118.1256134,Loamy Soil,pomegranate,Balanced NPK Fertilizer
0.227436131,58.85365365,151.5152929,-20.50910839,Loamy Soil,pomegranate,Muriate of Potash
0.398885799,62.91123278,50.95168508,56.67137838,Acidic Soil,pomegranate,Lime
0.459006319,63.36110958,99.17694166,85.8756798,Neutral Soil,pomegranate,Water Retaining Fertilizer
0.227436131,58.54840542,134.4354554,152.1420469,Loamy Soil,pomegranate,Water Retaining Fertilizer
0.667238777,63.81373226,61.35860553,61.19119584,Acidic Soil,pomegranate,Compost
0.651941984,58.79822006,48.44694744,36.50037244,Acidic Soil,pomegranate,DAP
0.555074554,62.18811402,92.67009527,74.54705272,Neutral Soil,pomegranate,Compost
0.625843101,59.73148068,49.08711566,47.20106734,Acidic Soil,pomegranate,DAP
0.709016306,61.93155148,58.93561163,65.58274996,Acidic Soil,pomegranate,General Purpose Fertilizer
0.476638009,59.15699612,143.6879579,146.4299063,Neutral Soil,pomegranate,Water Retaining Fertilizer
0.780210099,62.35404198,64.08870156,66.63317942,Peaty Soil,pomegranate,Gypsum
0.596903724,60.34478573,177.3144812,53.3677058,Acidic Soil,pomegranate,Water Retaining Fertilizer
0.437617084,61.34362144,56.10646521,59.62146181,Acidic Soil,pomegranate,Lime
0.722947799,65.44051818,94.91783749,76.10746948,Loamy Soil,pomegranate,Balanced NPK Fertilizer
0.691121217,64.77085396,143.3961366,150.8659108,Loamy Soil,pomegranate,Water Retaining Fertilizer
0.676427303,61.86815978,74.49121529,67.17873915,Acidic Soil,pomegranate,Water Retaining Fertilizer
0.227436131,60.86747882,-37.64973873,81.36853937,Neutral Soil,pomegranate,DAP
0.532438203,35.52771842,62.43948535,61.54305858,Acidic Soil,pomegranate,Urea
0.695917149,61.44640253,147.6422336,112.2822338,Loamy Soil,pomegranate,Water Retaining Fertilizer
0.597430074,66.32959037,84.65911839,66.49015188,Acidic Soil,pomegranate,Water Retaining Fertilizer
0.687818007,61.51377243,145.4154843,145.2081632,Loamy Soil,pomegranate,Compost
0.599884596,61.76606021,144.5047234,140.8358225,Loamy Soil,pomegranate,Water Retaining Fertilizer
0.779434518,63.38780627,67.46157608,47.47315668,Peaty Soil,pomegranate,Muriate of Potash
0.585049642,64.10844217,49.82752704,58.98913464,Acidic Soil,pomegranate,DAP
0.457472066,59.98007391,135.8227575,140.599782,Neutral Soil,pomegranate,Water Retaining Fertilizer
0.416852694,63.89878848,58.40364723,59.55307871,Acidic Soil,pomegranate,Lime
0.737973095,61.1108051,161.4374496,148.4225312,Loamy Soil,pomegranate,Balanced NPK Fertilizer
0.803484331,60.19238805,136.0119733,146.1103711,Loamy Soil,pomegranate,Compost
0.397685444,62.00916655,145.8796386,129.1811572,Neutral Soil,pomegranate,Water Retaining Fertilizer
0.53236527,62.93661988,47.19030019,51.66143482,Acidic Soil,pomegranate,DAP
0.592297961,58.26973841,45.66940294,50.61814467,Acidic Soil,pomegranate,DAP
0.551137259,62.00384368,52.67045872,54.04728004,Acidic Soil,pomegranate,Lime
0.665111605,61.78959781,59.62762797,54.50732211,Acidic Soil,pomegranate,Lime
0.746186221,63.06677324,67.85792953,52.18973331,Acidic Soil,pomegranate,Compost
0.606145522,63.14519389,61.34988764,66.32828143,Acidic Soil,pomegranate,Water Retaining Fertilizer
0.753254968,59.97407426,38.0051808,50.46376239,Acidic Soil,pomegranate,DAP
0.577191962,64.03055187,157.4711636,147.2934714,Neutral Soil,pomegranate,Water Retaining Fertilizer
0.755126234,61.71343766,53.45831231,65.78518409,Peaty Soil,pomegranate,Lime
0.404672878,61.83192806,147.9229018,159.5640307,Neutral Soil,pomegranate,Compost
0.66987147,60.7399512,42.74197412,59.37357033,Acidic Soil,pomegranate,DAP
0.796505066,59.53284948,68.83603626,59.14550706,Peaty Soil,pomegranate,Organic Fertilizer
0.649462509,57.30913698,49.87439182,65.26653464,Acidic Soil,pomegranate,DAP
0.59931949,57.82773094,161.1672372,-20.50910839,Loamy Soil,pomegranate,Muriate of Potash
0.765725271,59.61239614,67.07019197,61.28569893,Acidic Soil,pomegranate,Compost
0.583494574,61.09668054,147.6168917,159.5640307,Neutral Soil,pomegranate,Compost
0.780622868,61.36787887,82.02239993,64.5287873,Peaty Soil,pomegranate,Lime
0.571759701,61.95441575,58.25264733,46.80887737,Acidic Soil,pomegranate,Muriate of Potash
0.486490944,56.85822957,59.1976461,54.41209408,Acidic Soil,watermelon,Water Retaining Fertilizer
0.467787651,55.2388212,144.2774024,75.53601481,Neutral Soil,watermelon,Water Retaining Fertilizer
0.585190798,57.58167816,61.97543059,49.44926044,Acidic Soil,watermelon,Muriate of Potash
0.499932294,60.06868084,105.168127,52.85666462,Neutral Soil,watermelon,Gypsum
0.504446806,56.54940874,133.947577,131.651636,Neutral Soil,watermelon,Water Retaining Fertilizer
0.5678784,56.57689196,61.02495938,44.53290711,Acidic Soil,watermelon,Muriate of Potash
0.596780706,57.93532323,70.07671344,57.84290176,Acidic Soil,watermelon,Water Retaining Fertilizer
0.660048528,58.13025045,165.7508607,91.78563305,Loamy Soil,watermelon,Gypsum
0.744984417,57.1983576,86.99879206,53.76134597,Loamy Soil,watermelon,Balanced NPK Fertilizer
0.449948568,54.54905869,70.48647998,48.12600163,Acidic Soil,watermelon,Muriate of Potash
0.731474372,57.22522311,56.36875317,43.97711718,Peaty Soil,watermelon,Muriate of Potash
0.629693692,56.37007316,86.18724475,55.69019041,Acidic Soil,watermelon,Water Retaining Fertilizer
0.474627726,59.34298868,150.0851428,134.9092601,Neutral Soil,watermelon,Water Retaining Fertilizer
0.573983427,55.321372,-37.64973873,44.757985,Acidic Soil,watermelon,DAP
0.746252828,55.70978073,58.24504773,51.39511697,Peaty Soil,watermelon,Organic Fertilizer
0.508575893,54.45416527,105.5902472,60.82113262,Neutral Soil,watermelon,Compost
0.702902728,57.12396669,87.11082638,59.45701973,Loamy Soil,watermelon,Balanced NPK Fertilizer
0.546831223,61.24973001,150.1767679,76.16870981,Neutral Soil,watermelon,Compost
0.227436131,59.67615196,72.71915646,50.24281116,Acidic Soil,watermelon,Compost
0.674180419,53.34954002,50.34298299,39.93020794,Acidic Soil,watermelon,Muriate of Potash
0.768647435,58.99251612,81.85605781,49.04477112,Peaty Soil,watermelon,Muriate of Potash
0.692694846,55.50867818,75.80881349,-20.50910839,Acidic Soil,watermelon,Muriate of Potash
0.442737304,57.64255029,133.1773579,83.02896326,Neutral Soil,watermelon,Compost
0.227436131,53.7802718,92.82051834,-20.50910839,Neutral Soil,watermelon,Muriate of Potash
0.643279134,54.4666426,118.4667567,-20.50910839,Loamy Soil,watermelon,Muriate of Potash
0.493835255,58.04798039,63.15352899,45.83206064,Acidic Soil,watermelon,Muriate of Potash
0.825467671,55.80470984,135.8812547,73.9865542,Loamy Soil,watermelon,Balanced NPK Fertilizer
0.731113195,56.85476645,95.21113721,69.92095261,Loamy Soil,watermelon,Balanced NPK Fertilizer
0.621089935,58.25463289,-37.64973873,72.46446872,Loamy Soil,watermelon,DAP
0.623577309,54.35278609,71.91631259,51.97917114,Acidic Soil,watermelon,Lime
0.227436131,52.45134355,93.22664888,57.01734008,Neutral Soil,watermelon,Water Retaining Fertilizer
0.768696688,56.06264788,72.21000131,55.79221665,Peaty Soil,watermelon,Organic Fertilizer
0.691912299,56.61544338,75.11266847,50.23960598,Peaty Soil,watermelon,Water Retaining Fertilizer
0.59651348,57.16818515,107.6840663,42.61984828,Loamy Soil,watermelon,Muriate of Potash
0.767154928,55.13743449,68.80589812,57.27386078,Peaty Soil,watermelon,Organic Fertilizer
0.677343908,55.44283586,51.20204883,49.39890685,Acidic Soil,watermelon,Muriate of Potash
0.507876469,57.37781079,64.01665087,42.89408034,Acidic Soil,watermelon,Muriate of Potash
0.630490049,58.03836628,145.1744576,85.62857876,Loamy Soil,watermelon,Compost
0.61607707,57.28960006,73.5103527,62.92388263,Loamy Soil,watermelon,Water Retaining Fertilizer
0.772859171,55.3692672,151.6285283,123.6002093,Loamy Soil,watermelon,Balanced NPK Fertilizer
0.579532172,56.50296302,142.1606498,98.29731296,Neutral Soil,watermelon,Water Retaining Fertilizer
0.666195378,56.48332042,77.67817114,56.48557791,Acidic Soil,watermelon,Compost
0.579044163,55.20471205,143.1239046,112.4482119,Neutral Soil,watermelon,Water Retaining Fertilizer
0.634286226,59.13412402,143.1674439,101.6374432,Loamy Soil,watermelon,Water Retaining Fertilizer
0.747645176,86.96971052,150.9811191,126.9870463,Loamy Soil,watermelon,Balanced NPK Fertilizer
0.674696493,55.76405432,46.19710024,48.38425921,Acidic Soil,watermelon,DAP
0.819422241,56.20276994,62.3649667,51.24733275,Peaty Soil,watermelon,Organic Fertilizer
0.446289649,56.85677902,81.15822414,46.55796796,Acidic Soil,watermelon,Muriate of Potash
0.782963256,55.03747872,136.0201832,96.28462568,Loamy Soil,watermelon,Compost
0.421536929,53.574443,53.93302479,53.91797199,Acidic Soil,watermelon,Compost
0.438410958,56.05766424,60.43306784,48.45463421,Acidic Soil,watermelon,Muriate of Potash
0.427785561,56.56249742,56.67205209,56.52633946,Acidic Soil,watermelon,Lime
0.705346892,57.65606253,66.39041039,51.74655268,Peaty Soil,watermelon,Organic Fertilizer
0.445996557,58.36812027,133.8526034,159.5640307,Neutral Soil,watermelon,Compost
0.612902027,53.69255431,59.85858965,46.23679106,Acidic Soil,watermelon,Muriate of Potash
0.657752765,57.66467147,88.69414004,60.94219419,Acidic Soil,watermelon,Gypsum
0.597109175,54.79301181,177.3144812,61.73860051,Neutral Soil,watermelon,Compost
0.602448168,55.97207181,65.62880137,38.57585624,Acidic Soil,watermelon,Muriate of Potash
0.756093622,54.68499421,71.99620385,58.07949404,Acidic Soil,watermelon,Compost
0.525442446,56.468387,51.62729668,44.60948822,Acidic Soil,watermelon,Muriate of Potash
0.613439487,35.52771842,161.3249927,77.76441946,Loamy Soil,watermelon,Urea
0.454386796,53.40511628,81.42093198,48.38096836,Acidic Soil,watermelon,Muriate of Potash
0.715398673,54.73142417,64.93388216,50.84922604,Acidic Soil,watermelon,General Purpose Fertilizer
0.404850724,56.03665267,-37.64973873,67.79084598,Neutral Soil,watermelon,DAP
0.488145075,56.69057692,-37.64973873,53.532119,Neutral Soil,watermelon,DAP
0.751595413,54.79047652,56.08250304,45.91429974,Peaty Soil,watermelon,Muriate of Potash
0.624061631,55.08445531,101.7523603,60.17580921,Neutral Soil,watermelon,Compost
0.653504159,57.83669214,68.65131006,50.81215771,Acidic Soil,watermelon,Water Retaining Fertilizer
0.64533997,55.35535603,57.41644511,61.63136829,Acidic Soil,watermelon,Water Retaining Fertilizer
0.65314985,55.17942097,67.41678907,55.78152521,Acidic Soil,watermelon,Water Retaining Fertilizer
0.456922297,59.72335265,152.5461008,73.60303537,Neutral Soil,watermelon,Gypsum
0.750831469,54.39862957,132.8171391,60.5750359,Loamy Soil,watermelon,Balanced NPK Fertilizer
0.518439354,58.42243552,70.57982036,60.95621752,Acidic Soil,watermelon,Water Retaining Fertilizer
0.740152262,56.34238605,133.9655569,61.6177282,Loamy Soil,watermelon,Compost
0.723041802,58.8831182,119.9702746,77.93898108,Loamy Soil,watermelon,Balanced NPK Fertilizer
0.588119702,54.55813981,109.1854846,60.81711452,Neutral Soil,watermelon,Compost
0.640902613,53.93059172,157.5223261,125.8050802,Neutral Soil,watermelon,Water Retaining Fertilizer
0.430736336,51.42148521,78.86035878,54.6964137,Neutral Soil,watermelon,Gypsum
0.792007742,86.96971052,92.51682402,52.63746814,Loamy Soil,watermelon,Compost
0.572761799,55.62890941,58.82666792,49.73108857,Acidic Soil,watermelon,Muriate of Potash
0.640556138,53.24256177,56.75000357,42.37055202,Acidic Soil,watermelon,Muriate of Potash
0.487124265,35.52771842,58.34665001,44.19139808,Acidic Soil,watermelon,Urea
0.634118329,53.42267832,137.2179694,68.37606087,Loamy Soil,watermelon,Water Retaining Fertilizer
0.790687377,58.68666518,68.56486758,159.5640307,Peaty Soil,watermelon,Organic Fertilizer
0.781065906,55.98392165,51.66112296,52.51170771,Peaty Soil,watermelon,Gypsum
0.510455736,57.29461336,97.43308401,68.17925075,Neutral Soil,watermelon,Compost
0.605762247,57.99710841,135.1301545,121.0299404,Loamy Soil,watermelon,Compost
0.475187707,56.13006154,68.33217228,59.39672536,Acidic Soil,watermelon,Water Retaining Fertilizer
0.704557573,57.20728712,137.7547228,79.39325503,Loamy Soil,watermelon,Balanced NPK Fertilizer
0.436127108,86.96971052,146.3668989,120.7022062,Neutral Soil,watermelon,Compost
0.432545483,53.36180524,74.32431114,52.17898725,Acidic Soil,watermelon,Water Retaining Fertilizer
0.809570801,53.29924249,57.44597931,53.38145565,Peaty Soil,watermelon,Organic Fertilizer
0.523149052,57.42895988,60.69852275,44.61940975,Acidic Soil,watermelon,Muriate of Potash
0.712627979,55.44671103,75.78512424,63.15340951,Loamy Soil,watermelon,Balanced NPK Fertilizer
0.741911995,56.11065868,150.6833617,-20.50910839,Loamy Soil,watermelon,Muriate of Potash
0.531191248,56.53428278,146.1110783,81.38936553,Neutral Soil,watermelon,Water Retaining Fertilizer
0.736699102,56.35800503,49.00327738,46.69588918,Peaty Soil,watermelon,DAP
0.520513037,55.73890524,148.5672848,90.05702087,Neutral Soil,watermelon,Water Retaining Fertilizer
0.547436218,57.71170515,96.6629528,59.53147281,Acidic Soil,watermelon,Compost
0.558721612,59.96760518,78.78700467,45.32712465,Acidic Soil,watermelon,Muriate of Potash
